,Assay,FingerPrints,Algorithms,AUC_ROC,AUC_PR,F1,B_A,Precision,Recall,Specificity,TP,TN,FP,FN
0,TOX21_AhR_LUC_Agonist,MACCS,MLP,0.816,0.2122,0.2599,0.6946,0.1788,0.4822,,156.0,7038.0,722.0,168.0
1,TOX21_AhR_LUC_Agonist,MACCS,GBT,0.8259,0.2082,0.284,0.7056,0.1999,0.4944,,160.0,7115.0,645.0,164.0
2,TOX21_AhR_LUC_Agonist,MACCS,RF,0.8361,0.2575,0.3108,0.6684,0.2692,0.3803,,123.0,7423.0,337.0,201.0
3,TOX21_AhR_LUC_Agonist,MACCS,LR,0.8178,0.1838,0.1968,0.7468,0.1138,0.7316,,237.0,5914.0,1846.0,87.0
4,TOX21_AhR_LUC_Agonist,MACCS,KNN,0.7776,0.3601,0.2037,0.7428,0.1191,0.7041,,228.0,6065.0,1695.0,96.0
5,TOX21_AhR_LUC_Agonist,MACCS,NB,0.606,0.5018,0.0917,0.5837,0.0481,0.957,,310.0,1633.0,6127.0,14.0
6,TOX21_AhR_LUC_Agonist,Morgan,MLP,0.7734,0.1809,0.267,0.6936,0.1867,0.4728,,153.0,7138.0,668.0,171.0
7,TOX21_AhR_LUC_Agonist,Morgan,GBT,0.8052,0.2192,0.2532,0.6826,0.1759,0.4537,,147.0,7115.0,691.0,177.0
8,TOX21_AhR_LUC_Agonist,Morgan,RF,0.8355,0.2609,0.3333,0.659,0.3216,0.3488,,113.0,7565.0,241.0,211.0
9,TOX21_AhR_LUC_Agonist,Morgan,LR,0.8002,0.1966,0.2553,0.7222,0.1653,0.5622,,182.0,6886.0,920.0,142.0
10,TOX21_AhR_LUC_Agonist,Morgan,KNN,0.7777,0.3484,0.173,0.7261,0.0982,0.7314,,237.0,5626.0,2180.0,87.0
11,TOX21_AhR_LUC_Agonist,Morgan,NB,0.5881,0.2304,0.123,0.5881,0.0742,0.3613,,117.0,6361.0,1445.0,207.0
12,TOX21_AhR_LUC_Agonist,Rdkit,MLP,0.8009,0.1874,0.2826,0.7131,0.195,0.5148,,167.0,7108.0,690.0,157.0
13,TOX21_AhR_LUC_Agonist,Rdkit,GBT,0.8246,0.2127,0.3149,0.6824,0.2545,0.4159,,135.0,7399.0,399.0,189.0
14,TOX21_AhR_LUC_Agonist,Rdkit,RF,0.8382,0.2372,0.3155,0.6539,0.2946,0.3418,,111.0,7532.0,266.0,213.0
15,TOX21_AhR_LUC_Agonist,Rdkit,LR,0.786,0.1708,0.2624,0.7118,0.1748,0.5272,,171.0,6991.0,807.0,153.0
16,TOX21_AhR_LUC_Agonist,Rdkit,KNN,0.7789,0.3807,0.21,0.7505,0.1232,0.7126,,231.0,6148.0,1650.0,93.0
17,TOX21_AhR_LUC_Agonist,Rdkit,NB,0.5574,0.3018,0.0877,0.5463,0.0475,0.5737,,186.0,4047.0,3751.0,138.0
18,TOX21_AhR_LUC_Agonist,Layerd,MLP,0.8021,0.2014,0.277,0.7064,0.1922,0.5006,,162.0,7111.0,684.0,162.0
19,TOX21_AhR_LUC_Agonist,Layerd,GBT,0.8227,0.2185,0.3027,0.6966,0.2273,0.4574,,148.0,7294.0,501.0,176.0
20,TOX21_AhR_LUC_Agonist,Layerd,RF,0.8351,0.2651,0.3394,0.6723,0.3074,0.3804,,123.0,7516.0,279.0,201.0
21,TOX21_AhR_LUC_Agonist,Layerd,LR,0.7787,0.1607,0.2552,0.7085,0.1689,0.5246,,170.0,6956.0,839.0,154.0
22,TOX21_AhR_LUC_Agonist,Layerd,KNN,0.7687,0.3601,0.1959,0.737,0.1139,0.7006,,227.0,6028.0,1767.0,97.0
23,TOX21_AhR_LUC_Agonist,Layerd,NB,0.58,0.3702,0.0956,0.5791,0.0514,0.6855,,222.0,3684.0,4111.0,102.0
24,TOX21_AhR_LUC_Agonist,Pattern,MLP,0.8037,0.2034,0.286,0.7146,0.1984,0.5156,,167.0,7128.0,674.0,157.0
25,TOX21_AhR_LUC_Agonist,Pattern,GBT,0.8346,0.2276,0.2917,0.7031,0.2098,0.4813,,156.0,7217.0,585.0,168.0
26,TOX21_AhR_LUC_Agonist,Pattern,RF,0.8356,0.2711,0.3019,0.6594,0.2608,0.3614,,117.0,7470.0,332.0,207.0
27,TOX21_AhR_LUC_Agonist,Pattern,LR,0.8017,0.1925,0.2664,0.7374,0.172,0.5932,,192.0,6879.0,923.0,132.0
28,TOX21_AhR_LUC_Agonist,Pattern,KNN,0.7735,0.3597,0.1942,0.7387,0.1126,0.7101,,230.0,5986.0,1816.0,94.0
29,TOX21_AhR_LUC_Agonist,Pattern,NB,0.5536,0.405,0.0873,0.555,0.0463,0.7572,,245.0,2753.0,5049.0,79.0
30,TOX21_Aromatase_Inhibition,MACCS,MLP,0.7482,0.1732,0.2425,0.6601,0.1871,0.3511,,58.0,7704.0,245.0,107.0
31,TOX21_Aromatase_Inhibition,MACCS,GBT,0.7355,0.1546,0.2271,0.6075,0.1865,0.2338,,39.0,7799.0,150.0,126.0
32,TOX21_Aromatase_Inhibition,MACCS,RF,0.7859,0.208,0.3167,0.6341,0.3822,0.2779,,46.0,7872.0,77.0,119.0
33,TOX21_Aromatase_Inhibition,MACCS,LR,0.7079,0.1031,0.0941,0.6686,0.0515,0.5452,,90.0,6296.0,1653.0,75.0
34,TOX21_Aromatase_Inhibition,MACCS,KNN,0.728,0.2977,0.1391,0.7047,0.0799,0.5386,,89.0,6922.0,1027.0,76.0
35,TOX21_Aromatase_Inhibition,MACCS,NB,0.5442,0.3839,0.046,0.5612,0.0236,0.8721,,144.0,1990.0,5959.0,21.0
36,TOX21_Aromatase_Inhibition,Morgan,MLP,0.7161,0.2442,0.3233,0.6916,0.2714,0.4059,,67.0,7770.0,181.0,98.0
37,TOX21_Aromatase_Inhibition,Morgan,GBT,0.7394,0.1997,0.3065,0.6556,0.2945,0.3276,,54.0,7821.0,130.0,111.0
38,TOX21_Aromatase_Inhibition,Morgan,RF,0.774,0.2621,0.3617,0.6507,0.4614,0.3088,,51.0,7892.0,59.0,114.0
39,TOX21_Aromatase_Inhibition,Morgan,LR,0.754,0.2389,0.2704,0.6995,0.1972,0.4357,,72.0,7660.0,291.0,93.0
40,TOX21_Aromatase_Inhibition,Morgan,KNN,0.7266,0.2837,0.1206,0.6966,0.0678,0.5507,,91.0,6698.0,1253.0,74.0
41,TOX21_Aromatase_Inhibition,Morgan,NB,0.5716,0.1532,0.0791,0.5716,0.0473,0.2437,,40.0,7152.0,799.0,125.0
42,TOX21_Aromatase_Inhibition,Rdkit,MLP,0.7111,0.2441,0.2618,0.685,0.1946,0.4055,,67.0,7663.0,282.0,98.0
43,TOX21_Aromatase_Inhibition,Rdkit,GBT,0.735,0.2377,0.3158,0.6376,0.362,0.2846,,47.0,7870.0,75.0,118.0
44,TOX21_Aromatase_Inhibition,Rdkit,RF,0.7713,0.2824,0.3594,0.6446,0.4597,0.2967,,49.0,7886.0,59.0,116.0
45,TOX21_Aromatase_Inhibition,Rdkit,LR,0.7184,0.1866,0.2348,0.6941,0.1614,0.4356,,72.0,7568.0,377.0,93.0
46,TOX21_Aromatase_Inhibition,Rdkit,KNN,0.7194,0.295,0.1195,0.6981,0.067,0.5577,,92.0,6662.0,1283.0,73.0
47,TOX21_Aromatase_Inhibition,Rdkit,NB,0.5115,0.2203,0.0382,0.4946,0.02,0.4478,,74.0,4302.0,3643.0,91.0
48,TOX21_Aromatase_Inhibition,Layerd,MLP,0.7233,0.1968,0.2591,0.6828,0.192,0.4,,66.0,7670.0,273.0,99.0
49,TOX21_Aromatase_Inhibition,Layerd,GBT,0.7182,0.2389,0.3124,0.6458,0.3282,0.3037,,50.0,7847.0,96.0,115.0
50,TOX21_Aromatase_Inhibition,Layerd,RF,0.7964,0.3,0.3458,0.6439,0.4271,0.2963,,49.0,7876.0,67.0,116.0
51,TOX21_Aromatase_Inhibition,Layerd,LR,0.7203,0.1771,0.2415,0.6955,0.1676,0.4357,,72.0,7589.0,354.0,93.0
52,TOX21_Aromatase_Inhibition,Layerd,KNN,0.7367,0.2821,0.1323,0.7196,0.0745,0.593,,98.0,6721.0,1222.0,67.0
53,TOX21_Aromatase_Inhibition,Layerd,NB,0.4762,0.2986,0.0352,0.4651,0.0181,0.5695,,94.0,2865.0,5078.0,71.0
54,TOX21_Aromatase_Inhibition,Pattern,MLP,0.7556,0.2328,0.2912,0.7072,0.2163,0.4482,,74.0,7698.0,268.0,91.0
55,TOX21_Aromatase_Inhibition,Pattern,GBT,0.7675,0.2175,0.3489,0.6764,0.335,0.368,,61.0,7845.0,121.0,104.0
56,TOX21_Aromatase_Inhibition,Pattern,RF,0.7936,0.2828,0.4055,0.6832,0.4564,0.3757,,62.0,7891.0,75.0,103.0
57,TOX21_Aromatase_Inhibition,Pattern,LR,0.7471,0.1632,0.2069,0.692,0.1359,0.4419,,73.0,7505.0,461.0,92.0
58,TOX21_Aromatase_Inhibition,Pattern,KNN,0.745,0.3002,0.1175,0.7126,0.065,0.6052,,100.0,6532.0,1434.0,65.0
59,TOX21_Aromatase_Inhibition,Pattern,NB,0.5158,0.3169,0.0413,0.5159,0.0214,0.6044,,100.0,3405.0,4561.0,65.0
60,TOX21_VDR_BLA_agonist_ratio,MACCS,MLP,0.706,0.0388,0.2159,0.5467,0.0278,0.1,,2.0,7286.0,48.0,15.0
61,TOX21_VDR_BLA_agonist_ratio,MACCS,GBT,0.7444,0.1688,0.6667,0.524,0.1429,0.05,,1.0,7319.0,15.0,16.0
62,TOX21_VDR_BLA_agonist_ratio,MACCS,RF,0.6627,0.1166,,0.4996,0.0,0.0,,0.0,7328.0,6.0,17.0
63,TOX21_VDR_BLA_agonist_ratio,MACCS,LR,0.7313,0.032,0.1323,0.6403,0.0294,0.3,,5.0,7191.0,143.0,12.0
64,TOX21_VDR_BLA_agonist_ratio,MACCS,KNN,0.6055,0.0619,0.0805,0.6112,0.0173,0.25,,4.0,7131.0,203.0,13.0
65,TOX21_VDR_BLA_agonist_ratio,MACCS,NB,0.4987,0.227,0.0081,0.4987,0.0028,0.45,,9.0,4014.0,3320.0,8.0
66,TOX21_VDR_BLA_agonist_ratio,Morgan,MLP,0.6336,0.1651,0.475,0.599,0.2315,0.2,,4.0,7324.0,14.0,13.0
67,TOX21_VDR_BLA_agonist_ratio,Morgan,GBT,0.7252,0.0404,0.4,0.5245,0.0667,0.05,,1.0,7331.0,7.0,16.0
68,TOX21_VDR_BLA_agonist_ratio,Morgan,RF,0.6862,0.2057,0.5,0.5497,0.3125,0.1,,2.0,7333.0,5.0,15.0
69,TOX21_VDR_BLA_agonist_ratio,Morgan,LR,0.795,0.1675,0.3958,0.5976,0.1667,0.2,,4.0,7302.0,36.0,13.0
70,TOX21_VDR_BLA_agonist_ratio,Morgan,KNN,0.6082,0.1442,0.0966,0.6129,0.0269,0.25,,5.0,7160.0,178.0,12.0
71,TOX21_VDR_BLA_agonist_ratio,Morgan,NB,0.5489,0.1136,0.5,0.5489,0.125,0.1,,2.0,7322.0,16.0,15.0
72,TOX21_VDR_BLA_agonist_ratio,Rdkit,MLP,0.5958,0.2196,0.4355,0.6476,0.1869,0.3,,5.0,7300.0,36.0,12.0
73,TOX21_VDR_BLA_agonist_ratio,Rdkit,GBT,0.6912,0.1773,0.4306,0.6232,0.1393,0.25,,4.0,7310.0,26.0,13.0
74,TOX21_VDR_BLA_agonist_ratio,Rdkit,RF,0.6942,0.1826,0.6666,0.574,0.1562,0.15,,2.0,7321.0,15.0,15.0
75,TOX21_VDR_BLA_agonist_ratio,Rdkit,LR,0.6664,0.2223,0.2471,0.6462,0.0792,0.3,,5.0,7280.0,56.0,12.0
76,TOX21_VDR_BLA_agonist_ratio,Rdkit,KNN,0.7021,0.2087,0.0343,0.6561,0.0106,0.4,,7.0,6692.0,644.0,10.0
77,TOX21_VDR_BLA_agonist_ratio,Rdkit,NB,0.583,0.2274,0.0114,0.5847,0.0035,0.45,,8.0,5278.0,2058.0,9.0
78,TOX21_VDR_BLA_agonist_ratio,Layerd,MLP,0.6512,0.1022,0.3353,0.6223,0.0926,0.25,,4.0,7296.0,40.0,13.0
79,TOX21_VDR_BLA_agonist_ratio,Layerd,GBT,0.75,0.0963,0.5556,0.5992,0.2037,0.2,,3.0,7325.0,11.0,14.0
80,TOX21_VDR_BLA_agonist_ratio,Layerd,RF,0.738,0.169,0.75,0.5744,0.1875,0.15,,2.0,7328.0,8.0,15.0
81,TOX21_VDR_BLA_agonist_ratio,Layerd,LR,0.7036,0.1021,0.2621,0.6215,0.0686,0.25,,4.0,7284.0,52.0,13.0
82,TOX21_VDR_BLA_agonist_ratio,Layerd,KNN,0.6722,0.1394,0.061,0.6768,0.0192,0.4,,7.0,6996.0,340.0,10.0
83,TOX21_VDR_BLA_agonist_ratio,Layerd,NB,0.6279,0.159,0.0612,0.6279,0.0163,0.3,,5.0,7012.0,324.0,12.0
84,TOX21_VDR_BLA_agonist_ratio,Pattern,MLP,0.6278,0.164,0.4127,0.5972,0.09,0.2,,3.0,7295.0,41.0,14.0
85,TOX21_VDR_BLA_agonist_ratio,Pattern,GBT,0.6502,0.1612,0.5,0.5737,0.0833,0.15,,2.0,7317.0,19.0,15.0
86,TOX21_VDR_BLA_agonist_ratio,Pattern,RF,0.7181,0.2213,0.7222,0.5996,0.3571,0.2,,3.0,7330.0,6.0,14.0
87,TOX21_VDR_BLA_agonist_ratio,Pattern,LR,0.6682,0.2181,0.2887,0.6215,0.0783,0.25,,4.0,7284.0,52.0,13.0
88,TOX21_VDR_BLA_agonist_ratio,Pattern,KNN,0.6489,0.1628,0.0549,0.6279,0.0144,0.3,,5.0,7012.0,324.0,12.0
89,TOX21_VDR_BLA_agonist_ratio,Pattern,NB,0.6032,0.1541,0.0259,0.6032,0.0066,0.3,,5.0,6649.0,687.0,12.0
90,TOX21_VDR_BLA_antagonist_ratio,MACCS,MLP,0.7709,0.1868,0.2279,0.6409,0.1111,0.2917,,9.0,7250.0,72.0,23.0
91,TOX21_VDR_BLA_antagonist_ratio,MACCS,GBT,0.88,0.1759,0.4159,0.6096,0.2083,0.225,,7.0,7279.0,43.0,25.0
92,TOX21_VDR_BLA_antagonist_ratio,MACCS,RF,0.774,0.1503,0.5666,0.5487,0.1481,0.1,,3.0,7303.0,19.0,29.0
93,TOX21_VDR_BLA_antagonist_ratio,MACCS,LR,0.8028,0.2058,0.1607,0.7145,0.087,0.45,,14.0,7169.0,153.0,18.0
94,TOX21_VDR_BLA_antagonist_ratio,MACCS,KNN,0.7219,0.1499,0.1033,0.665,0.0403,0.3667,,11.0,7054.0,268.0,21.0
95,TOX21_VDR_BLA_antagonist_ratio,MACCS,NB,0.5276,0.324,0.0096,0.5274,0.0048,0.6417,,21.0,3025.0,4297.0,11.0
96,TOX21_VDR_BLA_antagonist_ratio,Morgan,MLP,0.7298,0.126,0.2518,0.5874,0.0983,0.1833,,6.0,7262.0,63.0,26.0
97,TOX21_VDR_BLA_antagonist_ratio,Morgan,GBT,0.8107,0.041,0.25,0.5319,0.0571,0.0667,,2.0,7304.0,21.0,30.0
98,TOX21_VDR_BLA_antagonist_ratio,Morgan,RF,0.7781,0.1108,0.2778,0.5277,0.0667,0.0583,,2.0,7303.0,22.0,30.0
99,TOX21_VDR_BLA_antagonist_ratio,Morgan,LR,0.7508,0.1358,0.2559,0.6158,0.1212,0.2417,,8.0,7251.0,74.0,24.0
100,TOX21_VDR_BLA_antagonist_ratio,Morgan,KNN,0.6804,0.1653,0.0493,0.6769,0.0206,0.45,,15.0,6620.0,705.0,17.0
101,TOX21_VDR_BLA_antagonist_ratio,Morgan,NB,0.5305,0.0578,0.2679,0.5305,0.045,0.0667,,2.0,7283.0,42.0,30.0
102,TOX21_VDR_BLA_antagonist_ratio,Rdkit,MLP,0.7492,0.0876,0.1759,0.6197,0.0533,0.2583,,8.0,7162.0,138.0,24.0
103,TOX21_VDR_BLA_antagonist_ratio,Rdkit,GBT,0.7342,0.0763,0.2023,0.6225,0.0797,0.2583,,8.0,7202.0,98.0,24.0
104,TOX21_VDR_BLA_antagonist_ratio,Rdkit,RF,0.693,0.0895,0.2849,0.592,0.0813,0.1917,,6.0,7244.0,56.0,26.0
105,TOX21_VDR_BLA_antagonist_ratio,Rdkit,LR,0.7557,0.1059,0.1471,0.6177,0.0431,0.2583,,8.0,7132.0,168.0,24.0
106,TOX21_VDR_BLA_antagonist_ratio,Rdkit,KNN,0.7029,0.1768,0.0448,0.6835,0.0187,0.475,,15.0,6512.0,788.0,17.0
107,TOX21_VDR_BLA_antagonist_ratio,Rdkit,NB,0.5205,0.1146,0.0326,0.5491,0.0085,0.2167,,7.0,6435.0,865.0,25.0
108,TOX21_VDR_BLA_antagonist_ratio,Layerd,MLP,0.7806,0.1677,0.3144,0.6379,0.146,0.2833,,9.0,7244.0,55.0,23.0
109,TOX21_VDR_BLA_antagonist_ratio,Layerd,GBT,0.7829,0.1502,0.3694,0.6072,0.4024,0.2167,,7.0,7282.0,17.0,25.0
110,TOX21_VDR_BLA_antagonist_ratio,Layerd,RF,0.7689,0.1735,0.3828,0.6073,0.4166,0.2167,,7.0,7284.0,15.0,25.0
111,TOX21_VDR_BLA_antagonist_ratio,Layerd,LR,0.7807,0.1891,0.2902,0.6378,0.1325,0.2833,,9.0,7243.0,56.0,23.0
112,TOX21_VDR_BLA_antagonist_ratio,Layerd,KNN,0.7058,0.1483,0.0767,0.6309,0.025,0.3083,,10.0,6959.0,340.0,22.0
113,TOX21_VDR_BLA_antagonist_ratio,Layerd,NB,0.4846,0.1618,0.0096,0.4846,0.0039,0.3167,,10.0,4762.0,2537.0,22.0
114,TOX21_VDR_BLA_antagonist_ratio,Pattern,MLP,0.7008,0.0989,0.29,0.5877,0.1324,0.1833,,6.0,7267.0,58.0,26.0
115,TOX21_VDR_BLA_antagonist_ratio,Pattern,GBT,0.8385,0.1246,0.3701,0.5812,0.15,0.1667,,6.0,7294.0,31.0,26.0
116,TOX21_VDR_BLA_antagonist_ratio,Pattern,RF,0.7916,0.1238,0.3409,0.5687,0.1736,0.1417,,5.0,7294.0,31.0,27.0
117,TOX21_VDR_BLA_antagonist_ratio,Pattern,LR,0.7697,0.1081,0.2594,0.603,0.0993,0.2167,,7.0,7246.0,79.0,25.0
118,TOX21_VDR_BLA_antagonist_ratio,Pattern,KNN,0.6545,0.1734,0.0985,0.6593,0.0385,0.3583,,12.0,7034.0,291.0,20.0
119,TOX21_VDR_BLA_antagonist_ratio,Pattern,NB,0.4649,0.145,0.0114,0.4649,0.0035,0.2833,,9.0,4735.0,2590.0,23.0
120,TOX21_AR_BLA_Agonist_ratio,MACCS,MLP,0.8147,0.4662,0.4246,0.7685,0.3394,0.5732,,144.0,7573.0,284.0,107.0
121,TOX21_AR_BLA_Agonist_ratio,MACCS,GBT,0.8146,0.5231,0.5338,0.7647,0.5276,0.5455,,137.0,7731.0,126.0,114.0
122,TOX21_AR_BLA_Agonist_ratio,MACCS,RF,0.8472,0.5545,0.5777,0.7635,0.6358,0.5374,,135.0,7775.0,82.0,116.0
123,TOX21_AR_BLA_Agonist_ratio,MACCS,LR,0.8088,0.3847,0.1949,0.7557,0.1138,0.6809,,171.0,6525.0,1332.0,80.0
124,TOX21_AR_BLA_Agonist_ratio,MACCS,KNN,0.7975,0.4073,0.2165,0.7651,0.1291,0.6768,,170.0,6705.0,1152.0,81.0
125,TOX21_AR_BLA_Agonist_ratio,MACCS,NB,0.6133,0.4092,0.0806,0.6164,0.0423,0.8406,,211.0,3082.0,4775.0,40.0
126,TOX21_AR_BLA_Agonist_ratio,Morgan,MLP,0.7955,0.4961,0.392,0.7515,0.3095,0.5417,,136.0,7570.0,305.0,115.0
127,TOX21_AR_BLA_Agonist_ratio,Morgan,GBT,0.8212,0.5107,0.5204,0.7677,0.5021,0.5538,,139.0,7730.0,145.0,112.0
128,TOX21_AR_BLA_Agonist_ratio,Morgan,RF,0.8204,0.5479,0.5634,0.7702,0.5823,0.5538,,139.0,7770.0,105.0,112.0
129,TOX21_AR_BLA_Agonist_ratio,Morgan,LR,0.8048,0.5029,0.371,0.7659,0.2748,0.5817,,146.0,7482.0,393.0,105.0
130,TOX21_AR_BLA_Agonist_ratio,Morgan,KNN,0.7711,0.3781,0.1452,0.7248,0.081,0.7055,,177.0,5860.0,2015.0,74.0
131,TOX21_AR_BLA_Agonist_ratio,Morgan,NB,0.6486,0.2692,0.159,0.6486,0.0983,0.4223,,106.0,6890.0,985.0,145.0
132,TOX21_AR_BLA_Agonist_ratio,Rdkit,MLP,0.7997,0.4584,0.3544,0.7551,0.2605,0.5614,,141.0,7429.0,400.0,110.0
133,TOX21_AR_BLA_Agonist_ratio,Rdkit,GBT,0.8049,0.5392,0.5694,0.7669,0.6151,0.5452,,137.0,7739.0,90.0,114.0
134,TOX21_AR_BLA_Agonist_ratio,Rdkit,RF,0.8007,0.5357,0.5425,0.7634,0.55,0.5412,,136.0,7716.0,113.0,115.0
135,TOX21_AR_BLA_Agonist_ratio,Rdkit,LR,0.8029,0.4479,0.3242,0.7553,0.2272,0.5735,,144.0,7336.0,493.0,107.0
136,TOX21_AR_BLA_Agonist_ratio,Rdkit,KNN,0.7486,0.3552,0.1547,0.7156,0.0879,0.6449,,162.0,6155.0,1674.0,89.0
137,TOX21_AR_BLA_Agonist_ratio,Rdkit,NB,0.7503,0.3724,0.3459,0.745,0.2555,0.5412,,136.0,7428.0,401.0,115.0
138,TOX21_AR_BLA_Agonist_ratio,Layerd,MLP,0.8,0.49,0.4087,0.7654,0.3206,0.5697,,143.0,7524.0,304.0,108.0
139,TOX21_AR_BLA_Agonist_ratio,Layerd,GBT,0.8053,0.5525,0.5676,0.7725,0.5896,0.5577,,140.0,7728.0,100.0,111.0
140,TOX21_AR_BLA_Agonist_ratio,Layerd,RF,0.7982,0.5461,0.5504,0.7679,0.5597,0.5498,,138.0,7718.0,110.0,113.0
141,TOX21_AR_BLA_Agonist_ratio,Layerd,LR,0.7921,0.4622,0.3452,0.7571,0.2484,0.5697,,143.0,7394.0,434.0,108.0
142,TOX21_AR_BLA_Agonist_ratio,Layerd,KNN,0.7511,0.367,0.1727,0.7288,0.0997,0.6451,,162.0,6361.0,1467.0,89.0
143,TOX21_AR_BLA_Agonist_ratio,Layerd,NB,0.6003,0.4032,0.0792,0.6013,0.0418,0.7612,,191.0,3455.0,4373.0,60.0
144,TOX21_AR_BLA_Agonist_ratio,Pattern,MLP,0.7936,0.503,0.4069,0.7614,0.3232,0.5614,,141.0,7574.0,304.0,110.0
145,TOX21_AR_BLA_Agonist_ratio,Pattern,GBT,0.8061,0.5513,0.5338,0.7702,0.5165,0.5574,,140.0,7744.0,134.0,111.0
146,TOX21_AR_BLA_Agonist_ratio,Pattern,RF,0.8112,0.5472,0.5459,0.7709,0.5452,0.5574,,140.0,7756.0,122.0,111.0
147,TOX21_AR_BLA_Agonist_ratio,Pattern,LR,0.7865,0.4655,0.3332,0.7668,0.232,0.5971,,150.0,7378.0,500.0,101.0
148,TOX21_AR_BLA_Agonist_ratio,Pattern,KNN,0.764,0.3849,0.1761,0.7384,0.1016,0.6649,,167.0,6396.0,1482.0,84.0
149,TOX21_AR_BLA_Agonist_ratio,Pattern,NB,0.5735,0.4125,0.0723,0.5745,0.0379,0.7805,,196.0,2903.0,4975.0,55.0
150,TOX21_AR_BLA_Antagonist_ratio,MACCS,MLP,0.7085,0.1886,0.2454,0.65,0.1789,0.3951,,159.0,6952.0,730.0,244.0
151,TOX21_AR_BLA_Antagonist_ratio,MACCS,GBT,0.7158,0.1985,0.2756,0.6203,0.2728,0.2807,,113.0,7374.0,308.0,290.0
152,TOX21_AR_BLA_Antagonist_ratio,MACCS,RF,0.7558,0.2815,0.3128,0.6306,0.3436,0.2908,,117.0,7454.0,228.0,286.0
153,TOX21_AR_BLA_Antagonist_ratio,MACCS,LR,0.7262,0.1465,0.1792,0.6885,0.1029,0.6951,,280.0,5239.0,2443.0,123.0
154,TOX21_AR_BLA_Antagonist_ratio,MACCS,KNN,0.6902,0.304,0.1676,0.651,0.098,0.5788,,233.0,5555.0,2127.0,170.0
155,TOX21_AR_BLA_Antagonist_ratio,MACCS,NB,0.6214,0.2343,0.0945,0.5013,0.05,0.8789,,354.0,950.0,6732.0,49.0
156,TOX21_AR_BLA_Antagonist_ratio,Morgan,MLP,0.6664,0.1906,0.2365,0.6379,0.1753,0.367,,148.0,7003.0,702.0,255.0
157,TOX21_AR_BLA_Antagonist_ratio,Morgan,GBT,0.6539,0.1909,0.2624,0.6142,0.2582,0.2702,,109.0,7383.0,322.0,294.0
158,TOX21_AR_BLA_Antagonist_ratio,Morgan,RF,0.7314,0.2576,0.3093,0.6216,0.3694,0.2677,,108.0,7516.0,189.0,295.0
159,TOX21_AR_BLA_Antagonist_ratio,Morgan,LR,0.6836,0.2048,0.221,0.6475,0.1502,0.4215,,170.0,6730.0,975.0,233.0
160,TOX21_AR_BLA_Antagonist_ratio,Morgan,KNN,0.6713,0.305,0.1567,0.6472,0.0895,0.6352,,256.0,5079.0,2626.0,147.0
161,TOX21_AR_BLA_Antagonist_ratio,Morgan,NB,0.5441,0.2845,0.1071,0.5443,0.0602,0.4832,,195.0,4665.0,3040.0,208.0
162,TOX21_AR_BLA_Antagonist_ratio,Rdkit,MLP,0.7028,0.1797,0.2238,0.6597,0.149,0.4547,,183.0,6631.0,1038.0,220.0
163,TOX21_AR_BLA_Antagonist_ratio,Rdkit,GBT,0.6879,0.2224,0.2984,0.6275,0.3154,0.2882,,116.0,7414.0,255.0,287.0
164,TOX21_AR_BLA_Antagonist_ratio,Rdkit,RF,0.7574,0.2843,0.3439,0.6563,0.3432,0.3477,,140.0,7400.0,269.0,263.0
165,TOX21_AR_BLA_Antagonist_ratio,Rdkit,LR,0.6709,0.1314,0.2191,0.6637,0.1426,0.4771,,192.0,6521.0,1148.0,211.0
166,TOX21_AR_BLA_Antagonist_ratio,Rdkit,KNN,0.6899,0.3364,0.1676,0.6619,0.0966,0.6355,,256.0,5278.0,2391.0,147.0
167,TOX21_AR_BLA_Antagonist_ratio,Rdkit,NB,0.6444,0.3238,0.139,0.6102,0.0792,0.5732,,231.0,4963.0,2706.0,172.0
168,TOX21_AR_BLA_Antagonist_ratio,Layerd,MLP,0.7258,0.2074,0.2569,0.6751,0.1788,0.4639,,187.0,6794.0,872.0,216.0
169,TOX21_AR_BLA_Antagonist_ratio,Layerd,GBT,0.7265,0.2456,0.2997,0.6441,0.2729,0.3347,,135.0,7309.0,357.0,268.0
170,TOX21_AR_BLA_Antagonist_ratio,Layerd,RF,0.7629,0.2981,0.3476,0.6614,0.3426,0.3596,,145.0,7385.0,281.0,258.0
171,TOX21_AR_BLA_Antagonist_ratio,Layerd,LR,0.7153,0.1662,0.2333,0.6727,0.1537,0.4862,,196.0,6586.0,1080.0,207.0
172,TOX21_AR_BLA_Antagonist_ratio,Layerd,KNN,0.7075,0.338,0.1813,0.6788,0.1055,0.645,,260.0,5463.0,2203.0,143.0
173,TOX21_AR_BLA_Antagonist_ratio,Layerd,NB,0.5833,0.3326,0.122,0.5847,0.0676,0.6202,,250.0,4210.0,3456.0,153.0
174,TOX21_AR_BLA_Antagonist_ratio,Pattern,MLP,0.714,0.21,0.2549,0.6655,0.1809,0.4342,,175.0,6931.0,797.0,228.0
175,TOX21_AR_BLA_Antagonist_ratio,Pattern,GBT,0.7355,0.1982,0.256,0.635,0.2064,0.3399,,137.0,7188.0,540.0,266.0
176,TOX21_AR_BLA_Antagonist_ratio,Pattern,RF,0.7627,0.2301,0.3126,0.6419,0.3055,0.3226,,130.0,7428.0,300.0,273.0
177,TOX21_AR_BLA_Antagonist_ratio,Pattern,LR,0.6774,0.1538,0.1937,0.6462,0.1222,0.4687,,189.0,6366.0,1362.0,214.0
178,TOX21_AR_BLA_Antagonist_ratio,Pattern,KNN,0.7092,0.3392,0.1747,0.6765,0.1007,0.6601,,266.0,5354.0,2374.0,137.0
179,TOX21_AR_BLA_Antagonist_ratio,Pattern,NB,0.5213,0.4282,0.0987,0.5236,0.0526,0.7938,,320.0,1958.0,5770.0,83.0
180,TOX21_AR_LUC_MDAKB2_Agonist,MACCS,MLP,0.7517,0.4742,0.3593,0.729,0.2784,0.5112,,158.0,7383.0,415.0,151.0
181,TOX21_AR_LUC_MDAKB2_Agonist,MACCS,GBT,0.7521,0.5076,0.5269,0.7384,0.5713,0.4916,,152.0,7682.0,116.0,157.0
182,TOX21_AR_LUC_MDAKB2_Agonist,MACCS,RF,0.7988,0.5295,0.5493,0.7399,0.6325,0.4917,,152.0,7705.0,93.0,157.0
183,TOX21_AR_LUC_MDAKB2_Agonist,MACCS,LR,0.7673,0.3582,0.1802,0.7128,0.1048,0.6435,,199.0,6098.0,1700.0,110.0
184,TOX21_AR_LUC_MDAKB2_Agonist,MACCS,KNN,0.7523,0.3704,0.1876,0.7135,0.1104,0.6274,,194.0,6235.0,1563.0,115.0
185,TOX21_AR_LUC_MDAKB2_Agonist,MACCS,NB,0.5853,0.4289,0.0833,0.5576,0.0438,0.8576,,265.0,2008.0,5790.0,44.0
186,TOX21_AR_LUC_MDAKB2_Agonist,Morgan,MLP,0.7275,0.4143,0.3363,0.7202,0.2549,0.4982,,154.0,7358.0,452.0,155.0
187,TOX21_AR_LUC_MDAKB2_Agonist,Morgan,GBT,0.7427,0.4862,0.5524,0.7388,0.6394,0.4885,,151.0,7725.0,85.0,158.0
188,TOX21_AR_LUC_MDAKB2_Agonist,Morgan,RF,0.7752,0.5004,0.5338,0.7345,0.6051,0.482,,149.0,7708.0,102.0,160.0
189,TOX21_AR_LUC_MDAKB2_Agonist,Morgan,LR,0.734,0.4343,0.3009,0.7184,0.2138,0.5111,,158.0,7230.0,580.0,151.0
190,TOX21_AR_LUC_MDAKB2_Agonist,Morgan,KNN,0.7194,0.3449,0.1507,0.6808,0.0857,0.6245,,193.0,5756.0,2054.0,116.0
191,TOX21_AR_LUC_MDAKB2_Agonist,Morgan,NB,0.5944,0.2574,0.1143,0.5945,0.066,0.427,,132.0,5951.0,1859.0,177.0
192,TOX21_AR_LUC_MDAKB2_Agonist,Rdkit,MLP,0.7404,0.4325,0.3336,0.7313,0.245,0.5276,,163.0,7277.0,507.0,146.0
193,TOX21_AR_LUC_MDAKB2_Agonist,Rdkit,GBT,0.7537,0.5109,0.5514,0.7345,0.654,0.4791,,148.0,7705.0,79.0,161.0
194,TOX21_AR_LUC_MDAKB2_Agonist,Rdkit,RF,0.7736,0.4996,0.5017,0.7295,0.535,0.4759,,147.0,7653.0,131.0,162.0
195,TOX21_AR_LUC_MDAKB2_Agonist,Rdkit,LR,0.7303,0.3998,0.2976,0.7223,0.2083,0.5244,,162.0,7163.0,621.0,147.0
196,TOX21_AR_LUC_MDAKB2_Agonist,Rdkit,KNN,0.7362,0.3647,0.1702,0.7042,0.0982,0.6441,,199.0,5950.0,1834.0,110.0
197,TOX21_AR_LUC_MDAKB2_Agonist,Rdkit,NB,0.7796,0.3772,0.3353,0.7327,0.2461,0.5309,,164.0,7274.0,510.0,145.0
198,TOX21_AR_LUC_MDAKB2_Agonist,Layerd,MLP,0.7635,0.4719,0.3329,0.7234,0.2479,0.5083,,157.0,7307.0,478.0,152.0
199,TOX21_AR_LUC_MDAKB2_Agonist,Layerd,GBT,0.7781,0.5158,0.5182,0.7322,0.5702,0.4792,,148.0,7669.0,116.0,161.0
200,TOX21_AR_LUC_MDAKB2_Agonist,Layerd,RF,0.7891,0.5076,0.4863,0.7328,0.4886,0.4857,,150.0,7628.0,157.0,159.0
201,TOX21_AR_LUC_MDAKB2_Agonist,Layerd,LR,0.7731,0.4155,0.3047,0.7251,0.2149,0.5276,,163.0,7182.0,603.0,146.0
202,TOX21_AR_LUC_MDAKB2_Agonist,Layerd,KNN,0.749,0.3598,0.185,0.7154,0.1082,0.6411,,198.0,6148.0,1637.0,111.0
203,TOX21_AR_LUC_MDAKB2_Agonist,Layerd,NB,0.613,0.3756,0.1035,0.614,0.0559,0.6961,,215.0,4141.0,3644.0,94.0
204,TOX21_AR_LUC_MDAKB2_Agonist,Pattern,MLP,0.7695,0.4692,0.3656,0.7303,0.2853,0.5114,,158.0,7419.0,397.0,151.0
205,TOX21_AR_LUC_MDAKB2_Agonist,Pattern,GBT,0.7806,0.5075,0.52,0.7367,0.562,0.4886,,151.0,7697.0,119.0,158.0
206,TOX21_AR_LUC_MDAKB2_Agonist,Pattern,RF,0.7845,0.4978,0.5065,0.7357,0.5371,0.4886,,151.0,7681.0,135.0,158.0
207,TOX21_AR_LUC_MDAKB2_Agonist,Pattern,LR,0.7645,0.4387,0.2889,0.7268,0.1973,0.5405,,167.0,7137.0,679.0,142.0
208,TOX21_AR_LUC_MDAKB2_Agonist,Pattern,KNN,0.7516,0.3707,0.1782,0.7103,0.1035,0.6407,,198.0,6095.0,1721.0,111.0
209,TOX21_AR_LUC_MDAKB2_Agonist,Pattern,NB,0.5557,0.4223,0.0833,0.5558,0.044,0.7928,,245.0,2491.0,5325.0,64.0
210,TOX21_p53_BLA_p1_ratio,MACCS,MLP,0.7334,0.1292,0.1955,0.628,0.153,0.2773,,29.0,7835.0,171.0,76.0
211,TOX21_p53_BLA_p1_ratio,MACCS,GBT,0.7438,0.0713,0.178,0.5743,0.1639,0.16,,17.0,7915.0,91.0,88.0
212,TOX21_p53_BLA_p1_ratio,MACCS,RF,0.8175,0.1687,0.2468,0.5832,0.3305,0.1718,,18.0,7963.0,43.0,87.0
213,TOX21_p53_BLA_p1_ratio,MACCS,LR,0.7336,0.0477,0.0768,0.6764,0.0416,0.5055,,53.0,6783.0,1223.0,52.0
214,TOX21_p53_BLA_p1_ratio,MACCS,KNN,0.7652,0.2684,0.1294,0.7416,0.0728,0.5809,,61.0,7223.0,783.0,44.0
215,TOX21_p53_BLA_p1_ratio,MACCS,NB,0.5216,0.4306,0.0262,0.5117,0.0133,0.8755,,92.0,1184.0,6822.0,13.0
216,TOX21_p53_BLA_p1_ratio,Morgan,MLP,0.7014,0.1665,0.2419,0.6361,0.2243,0.2854,,30.0,7920.0,106.0,75.0
217,TOX21_p53_BLA_p1_ratio,Morgan,GBT,0.7836,0.1131,0.1404,0.5625,0.151,0.1345,,14.0,7949.0,77.0,91.0
218,TOX21_p53_BLA_p1_ratio,Morgan,RF,0.8375,0.2393,0.3014,0.6082,0.5543,0.2191,,23.0,8005.0,21.0,82.0
219,TOX21_p53_BLA_p1_ratio,Morgan,LR,0.7709,0.1604,0.2125,0.6508,0.161,0.3236,,34.0,7850.0,176.0,71.0
220,TOX21_p53_BLA_p1_ratio,Morgan,KNN,0.7804,0.2758,0.1392,0.7427,0.0793,0.5718,,60.0,7332.0,694.0,45.0
221,TOX21_p53_BLA_p1_ratio,Morgan,NB,0.5387,0.0908,0.0503,0.5387,0.027,0.1436,,15.0,7494.0,532.0,90.0
222,TOX21_p53_BLA_p1_ratio,Rdkit,MLP,0.7234,0.2029,0.273,0.6658,0.1898,0.3518,,37.0,7857.0,162.0,68.0
223,TOX21_p53_BLA_p1_ratio,Rdkit,GBT,0.8134,0.1987,0.261,0.624,0.2848,0.2564,,27.0,7951.0,68.0,78.0
224,TOX21_p53_BLA_p1_ratio,Rdkit,RF,0.8338,0.2135,0.2426,0.5967,0.3383,0.1991,,21.0,7973.0,46.0,84.0
225,TOX21_p53_BLA_p1_ratio,Rdkit,LR,0.7222,0.1842,0.2117,0.6713,0.1491,0.3709,,39.0,7792.0,227.0,66.0
226,TOX21_p53_BLA_p1_ratio,Rdkit,KNN,0.7588,0.2873,0.1023,0.7254,0.0561,0.5782,,61.0,6998.0,1021.0,44.0
227,TOX21_p53_BLA_p1_ratio,Rdkit,NB,0.7068,0.3446,0.0518,0.6787,0.0269,0.6764,,71.0,5462.0,2557.0,34.0
228,TOX21_p53_BLA_p1_ratio,Layerd,MLP,0.7439,0.2137,0.2809,0.6731,0.2315,0.3627,,38.0,7884.0,133.0,67.0
229,TOX21_p53_BLA_p1_ratio,Layerd,GBT,0.7742,0.2161,0.3001,0.6447,0.3038,0.2982,,31.0,7946.0,71.0,74.0
230,TOX21_p53_BLA_p1_ratio,Layerd,RF,0.8443,0.2908,0.3316,0.6214,0.4002,0.2482,,26.0,7973.0,44.0,79.0
231,TOX21_p53_BLA_p1_ratio,Layerd,LR,0.7446,0.1655,0.2434,0.6749,0.1819,0.3718,,39.0,7840.0,177.0,66.0
232,TOX21_p53_BLA_p1_ratio,Layerd,KNN,0.7781,0.2847,0.1227,0.7576,0.0681,0.6282,,66.0,7111.0,906.0,39.0
233,TOX21_p53_BLA_p1_ratio,Layerd,NB,0.5396,0.3151,0.0308,0.5563,0.0158,0.61,,64.0,4030.0,3987.0,41.0
234,TOX21_p53_BLA_p1_ratio,Pattern,MLP,0.7637,0.1538,0.223,0.6613,0.1669,0.3445,,36.0,7850.0,176.0,69.0
235,TOX21_p53_BLA_p1_ratio,Pattern,GBT,0.8246,0.1127,0.1895,0.5955,0.1835,0.2027,,21.0,7932.0,94.0,84.0
236,TOX21_p53_BLA_p1_ratio,Pattern,RF,0.8269,0.234,0.2862,0.5967,0.2916,0.1991,,21.0,7980.0,46.0,84.0
237,TOX21_p53_BLA_p1_ratio,Pattern,LR,0.7541,0.1273,0.2189,0.6901,0.1509,0.4109,,43.0,7779.0,247.0,62.0
238,TOX21_p53_BLA_p1_ratio,Pattern,KNN,0.7627,0.2656,0.0994,0.7177,0.0546,0.5609,,59.0,7018.0,1008.0,46.0
239,TOX21_p53_BLA_p1_ratio,Pattern,NB,0.4945,0.2878,0.0248,0.4979,0.0127,0.5573,,58.0,3520.0,4506.0,47.0
240,TOX21_p53_BLA_p2_ratio,MACCS,MLP,0.6474,0.126,0.1671,0.6001,0.1256,0.2533,,59.0,7427.0,417.0,174.0
241,TOX21_p53_BLA_p2_ratio,MACCS,GBT,0.6187,0.105,0.1663,0.5486,0.267,0.1078,,25.0,7761.0,83.0,208.0
242,TOX21_p53_BLA_p2_ratio,MACCS,RF,0.6807,0.1449,0.2002,0.5751,0.2684,0.1634,,38.0,7740.0,104.0,195.0
243,TOX21_p53_BLA_p2_ratio,MACCS,LR,0.6267,0.0554,0.0803,0.5887,0.0436,0.5031,,117.0,5290.0,2554.0,116.0
244,TOX21_p53_BLA_p2_ratio,MACCS,KNN,0.6906,0.247,0.1222,0.6514,0.0696,0.5029,,117.0,6274.0,1570.0,116.0
245,TOX21_p53_BLA_p2_ratio,MACCS,NB,0.5281,0.3905,0.0575,0.5132,0.0297,0.8674,,202.0,1247.0,6597.0,31.0
246,TOX21_p53_BLA_p2_ratio,Morgan,MLP,0.6774,0.1281,0.1429,0.5886,0.103,0.2368,,55.0,7413.0,469.0,178.0
247,TOX21_p53_BLA_p2_ratio,Morgan,GBT,0.6419,0.1125,0.1475,0.5722,0.1285,0.1808,,42.0,7595.0,287.0,191.0
248,TOX21_p53_BLA_p2_ratio,Morgan,RF,0.7003,0.1528,0.18,0.5638,0.2824,0.1377,,32.0,7802.0,80.0,201.0
249,TOX21_p53_BLA_p2_ratio,Morgan,LR,0.6838,0.1214,0.1405,0.6109,0.0911,0.3102,,72.0,7185.0,697.0,161.0
250,TOX21_p53_BLA_p2_ratio,Morgan,KNN,0.6619,0.2369,0.0895,0.6261,0.0484,0.5976,,139.0,5159.0,2723.0,94.0
251,TOX21_p53_BLA_p2_ratio,Morgan,NB,0.5378,0.1556,0.0696,0.5378,0.0405,0.2491,,58.0,6514.0,1368.0,175.0
252,TOX21_p53_BLA_p2_ratio,Rdkit,MLP,0.69,0.1061,0.1559,0.6191,0.103,0.3212,,75.0,7205.0,653.0,158.0
253,TOX21_p53_BLA_p2_ratio,Rdkit,GBT,0.6421,0.144,0.1952,0.5761,0.2549,0.167,,39.0,7742.0,116.0,194.0
254,TOX21_p53_BLA_p2_ratio,Rdkit,RF,0.7035,0.1558,0.1923,0.5788,0.2246,0.175,,41.0,7722.0,136.0,192.0
255,TOX21_p53_BLA_p2_ratio,Rdkit,LR,0.6523,0.081,0.1403,0.6178,0.0888,0.3379,,79.0,7054.0,804.0,154.0
256,TOX21_p53_BLA_p2_ratio,Rdkit,KNN,0.6825,0.2808,0.1037,0.6422,0.0572,0.5574,,130.0,5713.0,2145.0,103.0
257,TOX21_p53_BLA_p2_ratio,Rdkit,NB,0.6072,0.2356,0.0841,0.5932,0.046,0.5005,,117.0,5389.0,2469.0,116.0
258,TOX21_p53_BLA_p2_ratio,Layerd,MLP,0.6513,0.1306,0.1775,0.623,0.1242,0.3121,,73.0,7339.0,519.0,160.0
259,TOX21_p53_BLA_p2_ratio,Layerd,GBT,0.6555,0.1472,0.1752,0.5642,0.2682,0.1411,,33.0,7759.0,99.0,200.0
260,TOX21_p53_BLA_p2_ratio,Layerd,RF,0.695,0.1618,0.1997,0.5811,0.2345,0.1792,,42.0,7725.0,133.0,191.0
261,TOX21_p53_BLA_p2_ratio,Layerd,LR,0.6369,0.0863,0.1387,0.6071,0.0901,0.304,,71.0,7152.0,706.0,162.0
262,TOX21_p53_BLA_p2_ratio,Layerd,KNN,0.6713,0.2458,0.1124,0.6514,0.0627,0.5446,,127.0,5959.0,1899.0,106.0
263,TOX21_p53_BLA_p2_ratio,Layerd,NB,0.5026,0.3485,0.0561,0.5058,0.0292,0.6794,,158.0,2611.0,5247.0,75.0
264,TOX21_p53_BLA_p2_ratio,Pattern,MLP,0.6432,0.1287,0.1692,0.6081,0.1236,0.2741,,64.0,7432.0,457.0,169.0
265,TOX21_p53_BLA_p2_ratio,Pattern,GBT,0.652,0.1375,0.1996,0.5705,0.2122,0.1578,,37.0,7757.0,132.0,196.0
266,TOX21_p53_BLA_p2_ratio,Pattern,RF,0.6744,0.1552,0.195,0.5774,0.2333,0.1714,,40.0,7758.0,131.0,193.0
267,TOX21_p53_BLA_p2_ratio,Pattern,LR,0.6102,0.0937,0.1075,0.5848,0.0657,0.2957,,69.0,6895.0,994.0,164.0
268,TOX21_p53_BLA_p2_ratio,Pattern,KNN,0.6547,0.2308,0.1006,0.6269,0.0558,0.5063,,118.0,5897.0,1992.0,115.0
269,TOX21_p53_BLA_p2_ratio,Pattern,NB,0.4885,0.3848,0.0536,0.4883,0.0278,0.7342,,171.0,1912.0,5977.0,62.0
270,TOX21_p53_BLA_p3_ratio,MACCS,MLP,0.6803,0.1286,0.1943,0.6277,0.1456,0.2984,,57.0,7542.0,339.0,134.0
271,TOX21_p53_BLA_p3_ratio,MACCS,GBT,0.649,0.0922,0.1229,0.5319,0.1515,0.0732,,14.0,7808.0,73.0,177.0
272,TOX21_p53_BLA_p3_ratio,MACCS,RF,0.7217,0.1356,0.1942,0.5708,0.2816,0.1516,,29.0,7802.0,79.0,162.0
273,TOX21_p53_BLA_p3_ratio,MACCS,LR,0.6161,0.0509,0.0719,0.5977,0.0388,0.4824,,92.0,5620.0,2261.0,99.0
274,TOX21_p53_BLA_p3_ratio,MACCS,KNN,0.6912,0.2332,0.1152,0.6565,0.0655,0.4811,,92.0,6556.0,1325.0,99.0
275,TOX21_p53_BLA_p3_ratio,MACCS,NB,0.5137,0.4202,0.0481,0.5196,0.0247,0.8903,,170.0,1173.0,6708.0,21.0
276,TOX21_p53_BLA_p3_ratio,Morgan,MLP,0.6663,0.1161,0.1622,0.603,0.1205,0.2508,,48.0,7561.0,355.0,143.0
277,TOX21_p53_BLA_p3_ratio,Morgan,GBT,0.6583,0.0956,0.1526,0.5637,0.1619,0.1466,,28.0,7764.0,152.0,163.0
278,TOX21_p53_BLA_p3_ratio,Morgan,RF,0.7235,0.1464,0.1998,0.5698,0.3398,0.1468,,28.0,7859.0,57.0,163.0
279,TOX21_p53_BLA_p3_ratio,Morgan,LR,0.6681,0.1061,0.1563,0.6243,0.1045,0.3134,,60.0,7402.0,514.0,131.0
280,TOX21_p53_BLA_p3_ratio,Morgan,KNN,0.6819,0.2326,0.0921,0.6446,0.0505,0.5339,,102.0,5978.0,1938.0,89.0
281,TOX21_p53_BLA_p3_ratio,Morgan,NB,0.5548,0.1522,0.07,0.5548,0.0409,0.2458,,47.0,6838.0,1078.0,144.0
282,TOX21_p53_BLA_p3_ratio,Rdkit,MLP,0.6519,0.1234,0.1728,0.6224,0.1228,0.2974,,57.0,7501.0,417.0,134.0
283,TOX21_p53_BLA_p3_ratio,Rdkit,GBT,0.6589,0.1278,0.2207,0.5811,0.3325,0.1729,,33.0,7834.0,84.0,158.0
284,TOX21_p53_BLA_p3_ratio,Rdkit,RF,0.7148,0.1601,0.2212,0.588,0.2743,0.1887,,36.0,7818.0,100.0,155.0
285,TOX21_p53_BLA_p3_ratio,Rdkit,LR,0.6388,0.1091,0.1651,0.6336,0.1102,0.3342,,64.0,7387.0,531.0,127.0
286,TOX21_p53_BLA_p3_ratio,Rdkit,KNN,0.6796,0.2537,0.1038,0.6537,0.0578,0.5074,,97.0,6334.0,1584.0,94.0
287,TOX21_p53_BLA_p3_ratio,Rdkit,NB,0.5958,0.249,0.0639,0.5771,0.0342,0.4866,,93.0,5286.0,2632.0,98.0
288,TOX21_p53_BLA_p3_ratio,Layerd,MLP,0.6386,0.1417,0.2,0.6289,0.151,0.2984,,57.0,7594.0,322.0,134.0
289,TOX21_p53_BLA_p3_ratio,Layerd,GBT,0.6508,0.12,0.2081,0.5761,0.3026,0.1624,,31.0,7836.0,80.0,160.0
290,TOX21_p53_BLA_p3_ratio,Layerd,RF,0.6928,0.1606,0.2379,0.5937,0.3167,0.1989,,38.0,7824.0,92.0,153.0
291,TOX21_p53_BLA_p3_ratio,Layerd,LR,0.6337,0.1035,0.1542,0.6201,0.1036,0.3039,,58.0,7412.0,504.0,133.0
292,TOX21_p53_BLA_p3_ratio,Layerd,KNN,0.6735,0.231,0.108,0.6555,0.0606,0.4976,,95.0,6439.0,1477.0,96.0
293,TOX21_p53_BLA_p3_ratio,Layerd,NB,0.4775,0.3468,0.044,0.4877,0.0227,0.6897,,132.0,2261.0,5655.0,59.0
294,TOX21_p53_BLA_p3_ratio,Pattern,MLP,0.6643,0.1225,0.1677,0.5943,0.113,0.2316,,44.0,7596.0,341.0,147.0
295,TOX21_p53_BLA_p3_ratio,Pattern,GBT,0.6789,0.1048,0.1463,0.5579,0.191,0.1313,,25.0,7813.0,124.0,166.0
296,TOX21_p53_BLA_p3_ratio,Pattern,RF,0.7195,0.1366,0.2493,0.5892,0.2914,0.1895,,36.0,7849.0,88.0,155.0
297,TOX21_p53_BLA_p3_ratio,Pattern,LR,0.6168,0.0826,0.1108,0.5947,0.0691,0.2832,,54.0,7193.0,744.0,137.0
298,TOX21_p53_BLA_p3_ratio,Pattern,KNN,0.6505,0.2075,0.088,0.6183,0.0488,0.4455,,85.0,6278.0,1659.0,106.0
299,TOX21_p53_BLA_p3_ratio,Pattern,NB,0.5005,0.3794,0.0456,0.5009,0.0235,0.7289,,139.0,2165.0,5772.0,52.0
300,TOX21_p53_BLA_p4_ratio,MACCS,MLP,0.6232,0.0733,0.1251,0.5775,0.094,0.1941,,32.0,7628.0,311.0,133.0
301,TOX21_p53_BLA_p4_ratio,MACCS,GBT,0.6105,0.0772,0.0984,0.5194,0.2167,0.0423,,7.0,7911.0,28.0,158.0
302,TOX21_p53_BLA_p4_ratio,MACCS,RF,0.6612,0.1001,0.1445,0.5506,0.2266,0.1092,,18.0,7875.0,64.0,147.0
303,TOX21_p53_BLA_p4_ratio,MACCS,LR,0.6014,0.0394,0.0553,0.5716,0.0295,0.4544,,75.0,5468.0,2471.0,90.0
304,TOX21_p53_BLA_p4_ratio,MACCS,KNN,0.6674,0.2065,0.0977,0.6505,0.0546,0.472,,78.0,6581.0,1358.0,87.0
305,TOX21_p53_BLA_p4_ratio,MACCS,NB,0.5091,0.4452,0.0397,0.4994,0.0203,0.8908,,147.0,857.0,7082.0,18.0
306,TOX21_p53_BLA_p4_ratio,Morgan,MLP,0.627,0.0882,0.1301,0.5857,0.0948,0.2125,,35.0,7632.0,327.0,130.0
307,TOX21_p53_BLA_p4_ratio,Morgan,GBT,0.6601,0.0687,0.1154,0.539,0.1238,0.0908,,15.0,7857.0,102.0,150.0
308,TOX21_p53_BLA_p4_ratio,Morgan,RF,0.6768,0.1079,0.1527,0.5457,0.2551,0.0978,,16.0,7908.0,51.0,149.0
309,TOX21_p53_BLA_p4_ratio,Morgan,LR,0.6435,0.0969,0.1178,0.5957,0.0771,0.254,,42.0,7460.0,499.0,123.0
310,TOX21_p53_BLA_p4_ratio,Morgan,KNN,0.6396,0.1899,0.072,0.6177,0.039,0.4761,,79.0,6043.0,1916.0,86.0
311,TOX21_p53_BLA_p4_ratio,Morgan,NB,0.5243,0.1078,0.0478,0.5243,0.0278,0.1709,,28.0,6986.0,973.0,137.0
312,TOX21_p53_BLA_p4_ratio,Rdkit,MLP,0.6046,0.0838,0.1005,0.5699,0.0682,0.1937,,32.0,7527.0,429.0,133.0
313,TOX21_p53_BLA_p4_ratio,Rdkit,GBT,0.578,0.1256,0.1902,0.5488,0.3033,0.1026,,17.0,7916.0,40.0,148.0
314,TOX21_p53_BLA_p4_ratio,Rdkit,RF,0.6439,0.1257,0.1561,0.5488,0.1547,0.1084,,18.0,7870.0,86.0,147.0
315,TOX21_p53_BLA_p4_ratio,Rdkit,LR,0.5875,0.065,0.1004,0.5808,0.0643,0.2312,,38.0,7402.0,554.0,127.0
316,TOX21_p53_BLA_p4_ratio,Rdkit,KNN,0.6434,0.2132,0.0751,0.6117,0.0411,0.4338,,72.0,6282.0,1674.0,93.0
317,TOX21_p53_BLA_p4_ratio,Rdkit,NB,0.6089,0.2749,0.059,0.5929,0.0312,0.532,,88.0,5202.0,2754.0,77.0
318,TOX21_p53_BLA_p4_ratio,Layerd,MLP,0.6051,0.0852,0.1378,0.5931,0.0989,0.229,,38.0,7615.0,341.0,127.0
319,TOX21_p53_BLA_p4_ratio,Layerd,GBT,0.6126,0.1204,0.1739,0.5536,0.2644,0.1143,,19.0,7899.0,57.0,146.0
320,TOX21_p53_BLA_p4_ratio,Layerd,RF,0.6479,0.1234,0.1635,0.5642,0.217,0.139,,23.0,7872.0,84.0,142.0
321,TOX21_p53_BLA_p4_ratio,Layerd,LR,0.5976,0.0683,0.1149,0.5902,0.0756,0.2412,,40.0,7473.0,483.0,125.0
322,TOX21_p53_BLA_p4_ratio,Layerd,KNN,0.641,0.2097,0.0805,0.624,0.0443,0.4463,,74.0,6378.0,1578.0,91.0
323,TOX21_p53_BLA_p4_ratio,Layerd,NB,0.489,0.3532,0.0378,0.4839,0.0194,0.6802,,112.0,2288.0,5668.0,53.0
324,TOX21_p53_BLA_p4_ratio,Pattern,MLP,0.6072,0.1226,0.1235,0.5826,0.0885,0.207,,34.0,7628.0,333.0,131.0
325,TOX21_p53_BLA_p4_ratio,Pattern,GBT,0.5979,0.1142,0.1673,0.549,0.3219,0.1029,,17.0,7921.0,40.0,148.0
326,TOX21_p53_BLA_p4_ratio,Pattern,RF,0.6859,0.1439,0.1546,0.5542,0.2818,0.1154,,19.0,7905.0,56.0,146.0
327,TOX21_p53_BLA_p4_ratio,Pattern,LR,0.5618,0.0856,0.0981,0.5937,0.06,0.2743,,45.0,7270.0,691.0,120.0
328,TOX21_p53_BLA_p4_ratio,Pattern,KNN,0.6397,0.1746,0.0732,0.6128,0.0399,0.443,,73.0,6230.0,1731.0,92.0
329,TOX21_p53_BLA_p4_ratio,Pattern,NB,0.4816,0.3454,0.0371,0.4798,0.0191,0.6647,,110.0,2348.0,5613.0,55.0
330,TOX21_p53_BLA_p5_ratio,MACCS,MLP,0.6104,0.0722,0.1106,0.5653,0.0818,0.1765,,30.0,7557.0,363.0,140.0
331,TOX21_p53_BLA_p5_ratio,MACCS,GBT,0.5702,0.0677,0.1031,0.5254,0.1635,0.0588,,10.0,7856.0,64.0,160.0
332,TOX21_p53_BLA_p5_ratio,MACCS,RF,0.6354,0.0841,0.1288,0.5356,0.1456,0.0823,,14.0,7832.0,88.0,156.0
333,TOX21_p53_BLA_p5_ratio,MACCS,LR,0.5282,0.0489,0.0464,0.5278,0.0248,0.3765,,64.0,5379.0,2541.0,106.0
334,TOX21_p53_BLA_p5_ratio,MACCS,KNN,0.6066,0.1734,0.075,0.5975,0.0416,0.3882,,66.0,6390.0,1530.0,104.0
335,TOX21_p53_BLA_p5_ratio,MACCS,NB,0.4759,0.3947,0.0396,0.4828,0.0202,0.8765,,149.0,706.0,7214.0,21.0
336,TOX21_p53_BLA_p5_ratio,Morgan,MLP,0.6121,0.0786,0.1192,0.5693,0.0902,0.1765,,30.0,7653.0,301.0,140.0
337,TOX21_p53_BLA_p5_ratio,Morgan,GBT,0.6148,0.0707,0.1351,0.5316,0.1622,0.0706,,12.0,7895.0,59.0,158.0
338,TOX21_p53_BLA_p5_ratio,Morgan,RF,0.6632,0.1213,0.1595,0.5529,0.306,0.1117,,19.0,7907.0,47.0,151.0
339,TOX21_p53_BLA_p5_ratio,Morgan,LR,0.6216,0.0816,0.1161,0.585,0.078,0.2294,,39.0,7482.0,472.0,131.0
340,TOX21_p53_BLA_p5_ratio,Morgan,KNN,0.6579,0.1939,0.0759,0.6186,0.0413,0.4706,,80.0,6098.0,1856.0,90.0
341,TOX21_p53_BLA_p5_ratio,Morgan,NB,0.5103,0.1031,0.0418,0.5103,0.024,0.1647,,28.0,6807.0,1147.0,142.0
342,TOX21_p53_BLA_p5_ratio,Rdkit,MLP,0.5931,0.0803,0.1077,0.5668,0.0769,0.1823,,31.0,7552.0,388.0,139.0
343,TOX21_p53_BLA_p5_ratio,Rdkit,GBT,0.5933,0.1093,0.1715,0.5548,0.2318,0.1176,,20.0,7877.0,63.0,150.0
344,TOX21_p53_BLA_p5_ratio,Rdkit,RF,0.6607,0.1271,0.162,0.5477,0.172,0.1059,,18.0,7857.0,83.0,152.0
345,TOX21_p53_BLA_p5_ratio,Rdkit,LR,0.5663,0.0637,0.097,0.5721,0.063,0.2118,,36.0,7403.0,537.0,134.0
346,TOX21_p53_BLA_p5_ratio,Rdkit,KNN,0.6158,0.1752,0.0777,0.6073,0.0429,0.4118,,70.0,6374.0,1566.0,100.0
347,TOX21_p53_BLA_p5_ratio,Rdkit,NB,0.5939,0.2503,0.0545,0.5676,0.0288,0.4824,,82.0,5184.0,2756.0,88.0
348,TOX21_p53_BLA_p5_ratio,Layerd,MLP,0.5877,0.0856,0.131,0.5864,0.0946,0.2176,,37.0,7582.0,357.0,133.0
349,TOX21_p53_BLA_p5_ratio,Layerd,GBT,0.5896,0.1204,0.1705,0.5582,0.3069,0.1235,,21.0,7882.0,57.0,149.0
350,TOX21_p53_BLA_p5_ratio,Layerd,RF,0.6611,0.1306,0.1638,0.5621,0.2198,0.1353,,23.0,7851.0,88.0,147.0
351,TOX21_p53_BLA_p5_ratio,Layerd,LR,0.5741,0.068,0.1049,0.5826,0.0678,0.2353,,40.0,7382.0,557.0,130.0
352,TOX21_p53_BLA_p5_ratio,Layerd,KNN,0.6273,0.1918,0.0803,0.6206,0.0441,0.4471,,76.0,6305.0,1634.0,94.0
353,TOX21_p53_BLA_p5_ratio,Layerd,NB,0.4808,0.3487,0.0388,0.4826,0.02,0.6941,,118.0,2152.0,5787.0,52.0
354,TOX21_p53_BLA_p5_ratio,Pattern,MLP,0.6054,0.0821,0.1174,0.5708,0.0868,0.1823,,31.0,7631.0,325.0,139.0
355,TOX21_p53_BLA_p5_ratio,Pattern,GBT,0.5965,0.1075,0.1708,0.5526,0.2783,0.1117,,19.0,7903.0,53.0,151.0
356,TOX21_p53_BLA_p5_ratio,Pattern,RF,0.6541,0.1322,0.1739,0.5612,0.2791,0.1294,,22.0,7900.0,56.0,148.0
357,TOX21_p53_BLA_p5_ratio,Pattern,LR,0.5456,0.0544,0.0739,0.5566,0.0452,0.2059,,35.0,7218.0,738.0,135.0
358,TOX21_p53_BLA_p5_ratio,Pattern,KNN,0.6359,0.2066,0.0743,0.6131,0.0404,0.4588,,78.0,6105.0,1851.0,92.0
359,TOX21_p53_BLA_p5_ratio,Pattern,NB,0.4739,0.3513,0.0377,0.4734,0.0194,0.6765,,115.0,2151.0,5805.0,55.0
360,TOX21_HSE_BLA_agonist_ratio,MACCS,MLP,0.7695,0.1441,0.158,0.6283,0.1115,0.2806,,23.0,7076.0,173.0,58.0
361,TOX21_HSE_BLA_agonist_ratio,MACCS,GBT,0.7564,0.1014,0.1663,0.5761,0.0917,0.1694,,14.0,7124.0,125.0,67.0
362,TOX21_HSE_BLA_agonist_ratio,MACCS,RF,0.7595,0.1251,0.24,0.5944,0.2062,0.1958,,16.0,7198.0,51.0,65.0
363,TOX21_HSE_BLA_agonist_ratio,MACCS,LR,0.7501,0.053,0.0741,0.6629,0.0405,0.4431,,36.0,6399.0,850.0,45.0
364,TOX21_HSE_BLA_agonist_ratio,MACCS,KNN,0.6943,0.199,0.1126,0.6852,0.0571,0.4556,,37.0,6631.0,618.0,44.0
365,TOX21_HSE_BLA_agonist_ratio,MACCS,NB,0.5511,0.3964,0.0247,0.5502,0.0126,0.8278,,67.0,1976.0,5273.0,14.0
366,TOX21_HSE_BLA_agonist_ratio,Morgan,MLP,0.7276,0.1578,0.2226,0.6625,0.1665,0.3458,,28.0,7119.0,151.0,53.0
367,TOX21_HSE_BLA_agonist_ratio,Morgan,GBT,0.7333,0.122,0.1563,0.6331,0.1081,0.2944,,24.0,7064.0,206.0,57.0
368,TOX21_HSE_BLA_agonist_ratio,Morgan,RF,0.7457,0.1708,0.3043,0.6071,0.292,0.2208,,18.0,7221.0,49.0,63.0
369,TOX21_HSE_BLA_agonist_ratio,Morgan,LR,0.7424,0.1425,0.1867,0.6756,0.1245,0.3819,,31.0,7047.0,223.0,50.0
370,TOX21_HSE_BLA_agonist_ratio,Morgan,KNN,0.7058,0.2428,0.0617,0.6738,0.0328,0.5194,,42.0,6021.0,1249.0,39.0
371,TOX21_HSE_BLA_agonist_ratio,Morgan,NB,0.5607,0.1093,0.1055,0.5607,0.0605,0.1486,,12.0,7072.0,198.0,69.0
372,TOX21_HSE_BLA_agonist_ratio,Rdkit,MLP,0.7455,0.1418,0.169,0.6804,0.1077,0.3986,,32.0,6970.0,274.0,49.0
373,TOX21_HSE_BLA_agonist_ratio,Rdkit,GBT,0.7575,0.1433,0.199,0.6447,0.1484,0.3097,,25.0,7097.0,147.0,56.0
374,TOX21_HSE_BLA_agonist_ratio,Rdkit,RF,0.7371,0.1271,0.2062,0.5864,0.161,0.1847,,15.0,7157.0,87.0,66.0
375,TOX21_HSE_BLA_agonist_ratio,Rdkit,LR,0.7517,0.1717,0.1558,0.6781,0.0971,0.3986,,32.0,6937.0,307.0,49.0
376,TOX21_HSE_BLA_agonist_ratio,Rdkit,KNN,0.6922,0.2474,0.0643,0.6783,0.0343,0.5194,,42.0,6064.0,1180.0,39.0
377,TOX21_HSE_BLA_agonist_ratio,Rdkit,NB,0.5945,0.3067,0.0309,0.5922,0.0158,0.5931,,48.0,4283.0,2961.0,33.0
378,TOX21_HSE_BLA_agonist_ratio,Layerd,MLP,0.7206,0.1414,0.1801,0.6326,0.1324,0.2861,,23.0,7093.0,151.0,58.0
379,TOX21_HSE_BLA_agonist_ratio,Layerd,GBT,0.7296,0.1585,0.2048,0.5942,0.1766,0.1986,,16.0,7170.0,74.0,65.0
380,TOX21_HSE_BLA_agonist_ratio,Layerd,RF,0.7659,0.1618,0.2438,0.578,0.2572,0.1611,,13.0,7208.0,36.0,68.0
381,TOX21_HSE_BLA_agonist_ratio,Layerd,LR,0.7076,0.1375,0.1572,0.6349,0.1083,0.2986,,24.0,7035.0,209.0,57.0
382,TOX21_HSE_BLA_agonist_ratio,Layerd,KNN,0.6542,0.1959,0.0667,0.6312,0.0367,0.3722,,30.0,6448.0,796.0,51.0
383,TOX21_HSE_BLA_agonist_ratio,Layerd,NB,0.5958,0.2892,0.0322,0.5958,0.0166,0.5569,,45.0,4598.0,2646.0,36.0
384,TOX21_HSE_BLA_agonist_ratio,Pattern,MLP,0.7416,0.1705,0.1924,0.6486,0.1388,0.3194,,26.0,7114.0,162.0,55.0
385,TOX21_HSE_BLA_agonist_ratio,Pattern,GBT,0.741,0.1434,0.2595,0.6236,0.2159,0.2569,,21.0,7205.0,71.0,60.0
386,TOX21_HSE_BLA_agonist_ratio,Pattern,RF,0.7724,0.1565,0.2594,0.6067,0.2606,0.2208,,18.0,7222.0,54.0,63.0
387,TOX21_HSE_BLA_agonist_ratio,Pattern,LR,0.7345,0.1529,0.1636,0.6673,0.1052,0.3694,,30.0,7022.0,254.0,51.0
388,TOX21_HSE_BLA_agonist_ratio,Pattern,KNN,0.6627,0.1873,0.0729,0.6613,0.0398,0.4403,,36.0,6420.0,856.0,45.0
389,TOX21_HSE_BLA_agonist_ratio,Pattern,NB,0.5691,0.2698,0.029,0.5691,0.0149,0.5194,,42.0,4502.0,2774.0,39.0
390,TOX21_ELG1_LUC_Agonist,MACCS,MLP,0.7675,0.1562,0.2419,0.6295,0.1251,0.27,,13.0,7990.0,89.0,36.0
391,TOX21_ELG1_LUC_Agonist,MACCS,GBT,0.8104,0.1136,0.3047,0.5574,0.154,0.12,,6.0,8037.0,42.0,43.0
392,TOX21_ELG1_LUC_Agonist,MACCS,RF,0.8074,0.1556,0.2877,0.5615,0.2833,0.125,,6.0,8063.0,16.0,43.0
393,TOX21_ELG1_LUC_Agonist,MACCS,LR,0.7825,0.0475,0.081,0.7043,0.0444,0.47,,23.0,7583.0,496.0,26.0
394,TOX21_ELG1_LUC_Agonist,MACCS,KNN,0.6541,0.1173,0.0686,0.6447,0.0382,0.345,,17.0,7630.0,449.0,32.0
395,TOX21_ELG1_LUC_Agonist,MACCS,NB,0.5682,0.4117,0.0144,0.5693,0.0073,0.815,,40.0,2614.0,5465.0,9.0
396,TOX21_ELG1_LUC_Agonist,Morgan,MLP,0.6645,0.1516,0.3018,0.5958,0.1254,0.2,,10.0,8016.0,67.0,39.0
397,TOX21_ELG1_LUC_Agonist,Morgan,GBT,0.7371,0.1404,0.3908,0.5592,0.2667,0.12,,6.0,8069.0,14.0,43.0
398,TOX21_ELG1_LUC_Agonist,Morgan,RF,0.7607,0.1333,0.3214,0.5398,0.5,0.08,,4.0,8079.0,4.0,45.0
399,TOX21_ELG1_LUC_Agonist,Morgan,LR,0.7767,0.1556,0.2502,0.6152,0.1499,0.24,,12.0,8005.0,78.0,37.0
400,TOX21_ELG1_LUC_Agonist,Morgan,KNN,0.6622,0.1373,0.0416,0.632,0.0221,0.365,,18.0,7266.0,817.0,31.0
401,TOX21_ELG1_LUC_Agonist,Morgan,NB,0.5644,0.1056,0.223,0.5644,0.0659,0.14,,7.0,7992.0,91.0,42.0
402,TOX21_ELG1_LUC_Agonist,Rdkit,MLP,0.659,0.1129,0.1066,0.6201,0.0728,0.265,,13.0,7858.0,200.0,36.0
403,TOX21_ELG1_LUC_Agonist,Rdkit,GBT,0.6744,0.1693,0.293,0.5713,0.2963,0.145,,7.0,8039.0,19.0,42.0
404,TOX21_ELG1_LUC_Agonist,Rdkit,RF,0.7385,0.1662,0.2506,0.5413,0.2208,0.085,,4.0,8038.0,20.0,45.0
405,TOX21_ELG1_LUC_Agonist,Rdkit,LR,0.6429,0.1131,0.0957,0.619,0.0602,0.265,,13.0,7840.0,218.0,36.0
406,TOX21_ELG1_LUC_Agonist,Rdkit,KNN,0.6923,0.2183,0.046,0.6885,0.0241,0.505,,25.0,7027.0,1031.0,24.0
407,TOX21_ELG1_LUC_Agonist,Rdkit,NB,0.5629,0.1393,0.054,0.5891,0.0319,0.245,,12.0,7520.0,538.0,37.0
408,TOX21_ELG1_LUC_Agonist,Layerd,MLP,0.6533,0.1675,0.1863,0.6462,0.1366,0.305,,15.0,7956.0,102.0,34.0
409,TOX21_ELG1_LUC_Agonist,Layerd,GBT,0.7183,0.1721,0.2687,0.6103,0.3058,0.225,,11.0,8022.0,36.0,38.0
410,TOX21_ELG1_LUC_Agonist,Layerd,RF,0.785,0.2049,0.3373,0.5916,0.3667,0.185,,9.0,8043.0,15.0,40.0
411,TOX21_ELG1_LUC_Agonist,Layerd,LR,0.6524,0.1263,0.1655,0.6545,0.1118,0.325,,16.0,7929.0,129.0,33.0
412,TOX21_ELG1_LUC_Agonist,Layerd,KNN,0.7316,0.2426,0.0736,0.7064,0.0399,0.485,,24.0,7476.0,582.0,25.0
413,TOX21_ELG1_LUC_Agonist,Layerd,NB,0.5665,0.2654,0.0154,0.5665,0.0078,0.52,,25.0,4939.0,3119.0,24.0
414,TOX21_ELG1_LUC_Agonist,Pattern,MLP,0.6908,0.1667,0.255,0.645,0.1597,0.3,,15.0,8003.0,80.0,34.0
415,TOX21_ELG1_LUC_Agonist,Pattern,GBT,0.7858,0.216,0.3702,0.6278,0.2865,0.26,,13.0,8047.0,36.0,36.0
416,TOX21_ELG1_LUC_Agonist,Pattern,RF,0.8282,0.1751,0.3738,0.5694,0.3958,0.14,,7.0,8073.0,10.0,42.0
417,TOX21_ELG1_LUC_Agonist,Pattern,LR,0.7168,0.1629,0.1869,0.6621,0.1128,0.34,,17.0,7956.0,127.0,32.0
418,TOX21_ELG1_LUC_Agonist,Pattern,KNN,0.6874,0.1849,0.0709,0.6617,0.0305,0.4,,20.0,7464.0,619.0,29.0
419,TOX21_ELG1_LUC_Agonist,Pattern,NB,0.5248,0.2424,0.013,0.5248,0.0066,0.475,,23.0,4645.0,3438.0,26.0
420,TOX21_ERa_BLA_Agonist_ratio,MACCS,MLP,0.7472,0.3721,0.2776,0.6901,0.2102,0.4136,,70.0,7677.0,266.0,99.0
421,TOX21_ERa_BLA_Agonist_ratio,MACCS,GBT,0.774,0.4062,0.3495,0.7044,0.2974,0.4313,,73.0,7764.0,179.0,96.0
422,TOX21_ERa_BLA_Agonist_ratio,MACCS,RF,0.7658,0.3954,0.4017,0.6784,0.4511,0.3666,,62.0,7866.0,77.0,107.0
423,TOX21_ERa_BLA_Agonist_ratio,MACCS,LR,0.7591,0.1576,0.1084,0.6902,0.0598,0.5739,,97.0,6406.0,1537.0,72.0
424,TOX21_ERa_BLA_Agonist_ratio,MACCS,KNN,0.7353,0.292,0.1338,0.7068,0.0761,0.5614,,95.0,6768.0,1175.0,74.0
425,TOX21_ERa_BLA_Agonist_ratio,MACCS,NB,0.5843,0.4579,0.0494,0.5844,0.0254,0.935,,158.0,1858.0,6085.0,11.0
426,TOX21_ERa_BLA_Agonist_ratio,Morgan,MLP,0.7374,0.3072,0.3087,0.7119,0.2354,0.4555,,77.0,7707.0,252.0,92.0
427,TOX21_ERa_BLA_Agonist_ratio,Morgan,GBT,0.7812,0.3415,0.3642,0.7195,0.3031,0.4614,,78.0,7781.0,178.0,91.0
428,TOX21_ERa_BLA_Agonist_ratio,Morgan,RF,0.796,0.4035,0.4536,0.7107,0.4879,0.4312,,73.0,7880.0,79.0,96.0
429,TOX21_ERa_BLA_Agonist_ratio,Morgan,LR,0.7452,0.3071,0.2738,0.7258,0.1901,0.4967,,84.0,7600.0,359.0,85.0
430,TOX21_ERa_BLA_Agonist_ratio,Morgan,KNN,0.7533,0.324,0.1186,0.7104,0.0658,0.603,,102.0,6510.0,1449.0,67.0
431,TOX21_ERa_BLA_Agonist_ratio,Morgan,NB,0.6149,0.1989,0.1276,0.6149,0.0811,0.3022,,51.0,7383.0,576.0,118.0
432,TOX21_ERa_BLA_Agonist_ratio,Rdkit,MLP,0.7362,0.3,0.3049,0.719,0.2264,0.4732,,80.0,7666.0,280.0,89.0
433,TOX21_ERa_BLA_Agonist_ratio,Rdkit,GBT,0.769,0.3876,0.4153,0.6984,0.4285,0.4085,,69.0,7853.0,93.0,100.0
434,TOX21_ERa_BLA_Agonist_ratio,Rdkit,RF,0.7802,0.3484,0.371,0.6771,0.3877,0.3665,,62.0,7847.0,99.0,107.0
435,TOX21_ERa_BLA_Agonist_ratio,Rdkit,LR,0.7443,0.2847,0.2679,0.7169,0.1869,0.479,,81.0,7587.0,359.0,88.0
436,TOX21_ERa_BLA_Agonist_ratio,Rdkit,KNN,0.716,0.304,0.1164,0.6979,0.0648,0.5735,,97.0,6533.0,1413.0,72.0
437,TOX21_ERa_BLA_Agonist_ratio,Rdkit,NB,0.5998,0.2896,0.0581,0.5923,0.0306,0.5687,,96.0,4894.0,3052.0,73.0
438,TOX21_ERa_BLA_Agonist_ratio,Layerd,MLP,0.776,0.3509,0.3173,0.7339,0.2335,0.5029,,85.0,7665.0,279.0,84.0
439,TOX21_ERa_BLA_Agonist_ratio,Layerd,GBT,0.7589,0.4102,0.4237,0.7123,0.414,0.4379,,74.0,7838.0,106.0,95.0
440,TOX21_ERa_BLA_Agonist_ratio,Layerd,RF,0.7679,0.3814,0.4032,0.6927,0.4182,0.3971,,67.0,7851.0,93.0,102.0
441,TOX21_ERa_BLA_Agonist_ratio,Layerd,LR,0.7534,0.3232,0.2798,0.7369,0.1926,0.5206,,88.0,7573.0,371.0,81.0
442,TOX21_ERa_BLA_Agonist_ratio,Layerd,KNN,0.7324,0.3207,0.1296,0.715,0.0729,0.5919,,100.0,6658.0,1286.0,69.0
443,TOX21_ERa_BLA_Agonist_ratio,Layerd,NB,0.59,0.3694,0.0535,0.5895,0.0278,0.7048,,119.0,3767.0,4177.0,50.0
444,TOX21_ERa_BLA_Agonist_ratio,Pattern,MLP,0.7633,0.351,0.285,0.7189,0.204,0.4783,,81.0,7639.0,322.0,88.0
445,TOX21_ERa_BLA_Agonist_ratio,Pattern,GBT,0.796,0.408,0.3616,0.7191,0.3028,0.461,,78.0,7779.0,182.0,91.0
446,TOX21_ERa_BLA_Agonist_ratio,Pattern,RF,0.7884,0.4145,0.424,0.7122,0.4252,0.4375,,74.0,7857.0,104.0,95.0
447,TOX21_ERa_BLA_Agonist_ratio,Pattern,LR,0.7551,0.298,0.2082,0.7083,0.133,0.4849,,82.0,7417.0,544.0,87.0
448,TOX21_ERa_BLA_Agonist_ratio,Pattern,KNN,0.7427,0.3142,0.1118,0.7094,0.0615,0.6206,,105.0,6355.0,1606.0,64.0
449,TOX21_ERa_BLA_Agonist_ratio,Pattern,NB,0.6031,0.3755,0.0554,0.6022,0.0288,0.7162,,121.0,3887.0,4074.0,48.0
450,TOX21_ERa_BLA_Antagonist_ratio,MACCS,MLP,0.6903,0.1488,0.2017,0.6302,0.1516,0.3084,,65.0,7494.0,378.0,146.0
451,TOX21_ERa_BLA_Antagonist_ratio,MACCS,GBT,0.6578,0.1118,0.1404,0.5458,0.2455,0.0996,,21.0,7810.0,62.0,190.0
452,TOX21_ERa_BLA_Antagonist_ratio,MACCS,RF,0.732,0.1712,0.2115,0.5795,0.2826,0.1708,,36.0,7779.0,93.0,175.0
453,TOX21_ERa_BLA_Antagonist_ratio,MACCS,LR,0.6061,0.0567,0.0746,0.5859,0.0405,0.4699,,99.0,5525.0,2347.0,112.0
454,TOX21_ERa_BLA_Antagonist_ratio,MACCS,KNN,0.6773,0.2323,0.113,0.643,0.0643,0.469,,99.0,6431.0,1441.0,112.0
455,TOX21_ERa_BLA_Antagonist_ratio,MACCS,NB,0.4636,0.3923,0.0473,0.4675,0.0243,0.8825,,186.0,413.0,7459.0,25.0
456,TOX21_ERa_BLA_Antagonist_ratio,Morgan,MLP,0.6272,0.1078,0.1786,0.6084,0.1364,0.2604,,55.0,7538.0,344.0,156.0
457,TOX21_ERa_BLA_Antagonist_ratio,Morgan,GBT,0.6179,0.13,0.157,0.569,0.1594,0.161,,34.0,7700.0,182.0,177.0
458,TOX21_ERa_BLA_Antagonist_ratio,Morgan,RF,0.7246,0.174,0.2054,0.5681,0.29,0.147,,31.0,7797.0,85.0,180.0
459,TOX21_ERa_BLA_Antagonist_ratio,Morgan,LR,0.6767,0.1083,0.1578,0.6216,0.1058,0.3128,,66.0,7333.0,549.0,145.0
460,TOX21_ERa_BLA_Antagonist_ratio,Morgan,KNN,0.6555,0.2133,0.0989,0.6266,0.0553,0.4695,,99.0,6177.0,1705.0,112.0
461,TOX21_ERa_BLA_Antagonist_ratio,Morgan,NB,0.5437,0.17,0.065,0.5437,0.0367,0.2846,,60.0,6327.0,1555.0,151.0
462,TOX21_ERa_BLA_Antagonist_ratio,Rdkit,MLP,0.6875,0.1273,0.1783,0.6268,0.1252,0.3125,,66.0,7405.0,463.0,145.0
463,TOX21_ERa_BLA_Antagonist_ratio,Rdkit,GBT,0.6832,0.177,0.2483,0.6073,0.274,0.2325,,49.0,7728.0,140.0,162.0
464,TOX21_ERa_BLA_Antagonist_ratio,Rdkit,RF,0.7203,0.1932,0.2278,0.6018,0.2383,0.2232,,47.0,7714.0,154.0,164.0
465,TOX21_ERa_BLA_Antagonist_ratio,Rdkit,LR,0.6685,0.0885,0.1569,0.6273,0.1035,0.332,,70.0,7258.0,610.0,141.0
466,TOX21_ERa_BLA_Antagonist_ratio,Rdkit,KNN,0.6943,0.2578,0.1093,0.6528,0.0611,0.521,,110.0,6173.0,1695.0,101.0
467,TOX21_ERa_BLA_Antagonist_ratio,Rdkit,NB,0.6282,0.2925,0.0756,0.6002,0.0406,0.5541,,117.0,5085.0,2783.0,94.0
468,TOX21_ERa_BLA_Antagonist_ratio,Layerd,MLP,0.6879,0.1501,0.1966,0.6378,0.1402,0.332,,70.0,7419.0,444.0,141.0
469,TOX21_ERa_BLA_Antagonist_ratio,Layerd,GBT,0.6772,0.2048,0.2392,0.6014,0.2758,0.2182,,46.0,7743.0,120.0,165.0
470,TOX21_ERa_BLA_Antagonist_ratio,Layerd,RF,0.7276,0.2122,0.2512,0.6101,0.2751,0.237,,50.0,7731.0,132.0,161.0
471,TOX21_ERa_BLA_Antagonist_ratio,Layerd,LR,0.6793,0.1216,0.1774,0.647,0.117,0.3701,,78.0,7264.0,599.0,133.0
472,TOX21_ERa_BLA_Antagonist_ratio,Layerd,KNN,0.6875,0.256,0.1126,0.66,0.063,0.5318,,112.0,6197.0,1666.0,99.0
473,TOX21_ERa_BLA_Antagonist_ratio,Layerd,NB,0.5136,0.3635,0.0522,0.5118,0.0271,0.7011,,148.0,2536.0,5327.0,63.0
474,TOX21_ERa_BLA_Antagonist_ratio,Pattern,MLP,0.6745,0.09,0.1383,0.5941,0.0956,0.2515,,53.0,7421.0,501.0,158.0
475,TOX21_ERa_BLA_Antagonist_ratio,Pattern,GBT,0.6845,0.1002,0.1392,0.5619,0.1299,0.1515,,32.0,7702.0,220.0,179.0
476,TOX21_ERa_BLA_Antagonist_ratio,Pattern,RF,0.7082,0.1286,0.1707,0.5714,0.1897,0.1615,,34.0,7774.0,148.0,177.0
477,TOX21_ERa_BLA_Antagonist_ratio,Pattern,LR,0.6141,0.0634,0.1135,0.5994,0.0697,0.3082,,65.0,7055.0,867.0,146.0
478,TOX21_ERa_BLA_Antagonist_ratio,Pattern,KNN,0.6808,0.2351,0.1036,0.655,0.0572,0.5507,,116.0,6016.0,1906.0,95.0
479,TOX21_ERa_BLA_Antagonist_ratio,Pattern,NB,0.5112,0.3795,0.0518,0.5123,0.0268,0.7251,,153.0,2373.0,5549.0,58.0
480,TOX21_ESRE_BLA_ratio,MACCS,MLP,0.815,0.2457,0.2944,0.6634,0.2079,0.3333,,11.0,7259.0,47.0,22.0
481,TOX21_ESRE_BLA_ratio,MACCS,GBT,0.7434,0.1804,0.2978,0.6053,0.1148,0.2167,,7.0,7262.0,44.0,26.0
482,TOX21_ESRE_BLA_ratio,MACCS,RF,0.8049,0.2969,0.4333,0.6202,0.4815,0.2416,,8.0,7296.0,10.0,25.0
483,TOX21_ESRE_BLA_ratio,MACCS,LR,0.7977,0.0445,0.0913,0.6821,0.0467,0.4,,13.0,7045.0,261.0,20.0
484,TOX21_ESRE_BLA_ratio,MACCS,KNN,0.7862,0.2446,0.1129,0.7569,0.0632,0.55,,18.0,7041.0,265.0,15.0
485,TOX21_ESRE_BLA_ratio,MACCS,NB,0.6149,0.3126,0.0135,0.6148,0.0068,0.6167,,20.0,4478.0,2828.0,13.0
486,TOX21_ESRE_BLA_ratio,Morgan,MLP,0.7715,0.2903,0.3561,0.7173,0.2775,0.4417,,14.0,7272.0,52.0,19.0
487,TOX21_ESRE_BLA_ratio,Morgan,GBT,0.8025,0.0868,0.2694,0.593,0.1121,0.1917,,6.0,7283.0,41.0,27.0
488,TOX21_ESRE_BLA_ratio,Morgan,RF,0.8054,0.2156,0.4571,0.5912,0.4762,0.1833,,6.0,7317.0,7.0,27.0
489,TOX21_ESRE_BLA_ratio,Morgan,LR,0.819,0.1875,0.296,0.6962,0.2094,0.4,,13.0,7268.0,56.0,20.0
490,TOX21_ESRE_BLA_ratio,Morgan,KNN,0.7588,0.2679,0.0508,0.7422,0.0238,0.6,,20.0,6477.0,847.0,13.0
491,TOX21_ESRE_BLA_ratio,Morgan,NB,0.631,0.2459,0.3278,0.631,0.2219,0.2667,,9.0,7290.0,34.0,24.0
492,TOX21_ESRE_BLA_ratio,Rdkit,MLP,0.7833,0.3254,0.217,0.7046,0.1131,0.425,,14.0,7179.0,116.0,19.0
493,TOX21_ESRE_BLA_ratio,Rdkit,GBT,0.8531,0.1949,0.3476,0.6093,0.1483,0.225,,7.0,7248.0,47.0,26.0
494,TOX21_ESRE_BLA_ratio,Rdkit,RF,0.7797,0.2016,0.4177,0.6564,0.3417,0.3167,,10.0,7267.0,28.0,23.0
495,TOX21_ESRE_BLA_ratio,Rdkit,LR,0.8009,0.3249,0.2188,0.7322,0.1088,0.4834,,16.0,7156.0,139.0,17.0
496,TOX21_ESRE_BLA_ratio,Rdkit,KNN,0.7059,0.2489,0.0444,0.7085,0.0208,0.525,,17.0,6507.0,788.0,16.0
497,TOX21_ESRE_BLA_ratio,Rdkit,NB,0.6495,0.22,0.0246,0.6262,0.0114,0.425,,14.0,6036.0,1259.0,19.0
498,TOX21_ESRE_BLA_ratio,Layerd,MLP,0.8148,0.3149,0.3779,0.6923,0.2679,0.3917,,13.0,7244.0,51.0,20.0
499,TOX21_ESRE_BLA_ratio,Layerd,GBT,0.7662,0.2143,0.4825,0.6354,0.325,0.275,,9.0,7265.0,30.0,24.0
500,TOX21_ESRE_BLA_ratio,Layerd,RF,0.8144,0.2333,0.4694,0.6406,0.4,0.2833,,9.0,7279.0,16.0,24.0
501,TOX21_ESRE_BLA_ratio,Layerd,LR,0.8117,0.2816,0.3126,0.7033,0.184,0.4167,,14.0,7222.0,73.0,19.0
502,TOX21_ESRE_BLA_ratio,Layerd,KNN,0.7395,0.2171,0.0689,0.7145,0.0332,0.4917,,16.0,6838.0,457.0,17.0
503,TOX21_ESRE_BLA_ratio,Layerd,NB,0.615,0.2186,0.0238,0.615,0.0097,0.425,,14.0,5873.0,1422.0,19.0
504,TOX21_ESRE_BLA_ratio,Pattern,MLP,0.8213,0.2517,0.2885,0.7166,0.1671,0.4417,,14.0,7261.0,63.0,19.0
505,TOX21_ESRE_BLA_ratio,Pattern,GBT,0.803,0.1382,0.3333,0.5729,0.137,0.15,,5.0,7294.0,30.0,28.0
506,TOX21_ESRE_BLA_ratio,Pattern,RF,0.8457,0.1687,0.3444,0.5906,0.25,0.1833,,6.0,7308.0,16.0,27.0
507,TOX21_ESRE_BLA_ratio,Pattern,LR,0.8387,0.2079,0.2587,0.7233,0.1653,0.4583,,15.0,7238.0,86.0,18.0
508,TOX21_ESRE_BLA_ratio,Pattern,KNN,0.7473,0.2229,0.068,0.6948,0.0329,0.45,,15.0,6881.0,443.0,18.0
509,TOX21_ESRE_BLA_ratio,Pattern,NB,0.6042,0.2142,0.0199,0.6042,0.0092,0.4167,,14.0,5798.0,1526.0,19.0
510,TOX21_FXR_BLA_agonist_ratio,MACCS,MLP,0.7796,0.0795,0.3185,0.5972,0.0714,0.2,,3.0,7294.0,41.0,14.0
511,TOX21_FXR_BLA_agonist_ratio,MACCS,GBT,0.8514,0.0475,,0.4989,0.0,0.0,,0.0,7319.0,16.0,17.0
512,TOX21_FXR_BLA_agonist_ratio,MACCS,RF,0.6966,0.0959,,0.4995,0.0,0.0,,0.0,7328.0,7.0,17.0
513,TOX21_FXR_BLA_agonist_ratio,MACCS,LR,0.8604,0.0266,0.1155,0.6163,0.0259,0.25,,4.0,7207.0,128.0,13.0
514,TOX21_FXR_BLA_agonist_ratio,MACCS,KNN,0.6324,0.1474,0.0891,0.6359,0.0242,0.3,,5.0,7128.0,207.0,12.0
515,TOX21_FXR_BLA_agonist_ratio,MACCS,NB,0.6941,0.2795,0.0228,0.6941,0.0081,0.55,,10.0,6148.0,1187.0,7.0
516,TOX21_FXR_BLA_agonist_ratio,Morgan,MLP,0.6387,0.156,0.325,0.5731,0.0476,0.15,,2.0,7312.0,28.0,15.0
517,TOX21_FXR_BLA_agonist_ratio,Morgan,GBT,0.8274,0.07,0.4166,0.5735,0.0778,0.15,,2.0,7319.0,21.0,15.0
518,TOX21_FXR_BLA_agonist_ratio,Morgan,RF,0.8103,0.1967,0.6667,0.5744,0.2143,0.15,,2.0,7332.0,8.0,15.0
519,TOX21_FXR_BLA_agonist_ratio,Morgan,LR,0.8451,0.102,0.3952,0.6219,0.0833,0.25,,3.0,7294.0,46.0,14.0
520,TOX21_FXR_BLA_agonist_ratio,Morgan,KNN,0.7575,0.2018,0.0928,0.7356,0.0298,0.5,,7.0,7128.0,212.0,10.0
521,TOX21_FXR_BLA_agonist_ratio,Morgan,NB,0.5738,0.1552,0.4,0.5738,0.0648,0.15,,2.0,7323.0,17.0,15.0
522,TOX21_FXR_BLA_agonist_ratio,Rdkit,MLP,0.7009,0.1831,0.3625,0.6473,0.106,0.3,,4.0,7300.0,40.0,13.0
523,TOX21_FXR_BLA_agonist_ratio,Rdkit,GBT,0.9147,0.1749,0.6111,0.598,0.175,0.2,,3.0,7311.0,29.0,14.0
524,TOX21_FXR_BLA_agonist_ratio,Rdkit,RF,0.8803,0.1983,0.5834,0.5739,0.1111,0.15,,2.0,7324.0,16.0,15.0
525,TOX21_FXR_BLA_agonist_ratio,Rdkit,LR,0.9434,0.1851,0.2514,0.646,0.0643,0.3,,4.0,7282.0,58.0,13.0
526,TOX21_FXR_BLA_agonist_ratio,Rdkit,KNN,0.7607,0.2118,0.037,0.6908,0.0134,0.45,,7.0,6838.0,502.0,10.0
527,TOX21_FXR_BLA_agonist_ratio,Rdkit,NB,0.6331,0.1572,0.0404,0.6239,0.0083,0.3,,4.0,6957.0,383.0,13.0
528,TOX21_FXR_BLA_agonist_ratio,Layerd,MLP,0.8142,0.1475,0.3132,0.6215,0.0591,0.25,,4.0,7288.0,51.0,13.0
529,TOX21_FXR_BLA_agonist_ratio,Layerd,GBT,0.9464,0.1245,0.4889,0.5983,0.1167,0.2,,3.0,7314.0,25.0,14.0
530,TOX21_FXR_BLA_agonist_ratio,Layerd,RF,0.8774,0.1191,0.45,0.5738,0.0833,0.15,,2.0,7322.0,17.0,15.0
531,TOX21_FXR_BLA_agonist_ratio,Layerd,LR,0.9099,0.0894,0.2822,0.6455,0.0728,0.3,,5.0,7273.0,66.0,12.0
532,TOX21_FXR_BLA_agonist_ratio,Layerd,KNN,0.6958,0.1418,0.0729,0.678,0.0233,0.4,,7.0,7016.0,323.0,10.0
533,TOX21_FXR_BLA_agonist_ratio,Layerd,NB,0.6128,0.1362,0.0943,0.6128,0.0206,0.25,,4.0,7160.0,179.0,13.0
534,TOX21_FXR_BLA_agonist_ratio,Pattern,MLP,0.8486,0.2333,0.5222,0.6474,0.1083,0.3,,4.0,7302.0,38.0,13.0
535,TOX21_FXR_BLA_agonist_ratio,Pattern,GBT,0.8673,0.0583,0.3333,0.5726,0.045,0.15,,2.0,7304.0,36.0,15.0
536,TOX21_FXR_BLA_agonist_ratio,Pattern,RF,0.8982,0.2428,0.7778,0.6487,0.2,0.3,,4.0,7321.0,19.0,13.0
537,TOX21_FXR_BLA_agonist_ratio,Pattern,LR,0.9325,0.1463,0.4167,0.6462,0.0843,0.3,,4.0,7284.0,56.0,13.0
538,TOX21_FXR_BLA_agonist_ratio,Pattern,KNN,0.8542,0.2523,0.0877,0.8073,0.0374,0.65,,10.0,7080.0,260.0,7.0
539,TOX21_FXR_BLA_agonist_ratio,Pattern,NB,0.6206,0.1526,0.2831,0.6206,0.0533,0.25,,4.0,7275.0,65.0,13.0
540,TOX21_FXR_BLA_antagonist_ratio,MACCS,MLP,0.702,0.1206,0.1806,0.6216,0.1353,0.2744,,35.0,6988.0,224.0,93.0
541,TOX21_FXR_BLA_antagonist_ratio,MACCS,GBT,0.7037,0.1369,0.1787,0.5546,0.1919,0.1179,,15.0,7149.0,63.0,113.0
542,TOX21_FXR_BLA_antagonist_ratio,MACCS,RF,0.7459,0.1267,0.2045,0.5743,0.2394,0.157,,20.0,7151.0,61.0,108.0
543,TOX21_FXR_BLA_antagonist_ratio,MACCS,LR,0.6807,0.1105,0.0742,0.6363,0.0403,0.4705,,60.0,5785.0,1427.0,68.0
544,TOX21_FXR_BLA_antagonist_ratio,MACCS,KNN,0.6425,0.1989,0.0837,0.6263,0.0469,0.3929,,50.0,6199.0,1013.0,78.0
545,TOX21_FXR_BLA_antagonist_ratio,MACCS,NB,0.5253,0.4403,0.036,0.5228,0.0183,0.9064,,116.0,1003.0,6209.0,12.0
546,TOX21_FXR_BLA_antagonist_ratio,Morgan,MLP,0.6694,0.1406,0.1682,0.6139,0.1254,0.2596,,33.0,6997.0,230.0,95.0
547,TOX21_FXR_BLA_antagonist_ratio,Morgan,GBT,0.6684,0.0858,0.1392,0.5528,0.0814,0.1352,,17.0,7013.0,214.0,111.0
548,TOX21_FXR_BLA_antagonist_ratio,Morgan,RF,0.7449,0.1514,0.221,0.5671,0.2371,0.1416,,18.0,7173.0,54.0,110.0
549,TOX21_FXR_BLA_antagonist_ratio,Morgan,LR,0.6862,0.1234,0.1429,0.6183,0.0963,0.2833,,36.0,6889.0,338.0,92.0
550,TOX21_FXR_BLA_antagonist_ratio,Morgan,KNN,0.671,0.2191,0.0737,0.6427,0.0398,0.4994,,64.0,5681.0,1546.0,64.0
551,TOX21_FXR_BLA_antagonist_ratio,Morgan,NB,0.5433,0.1046,0.0744,0.5433,0.0368,0.1577,,20.0,6713.0,514.0,108.0
552,TOX21_FXR_BLA_antagonist_ratio,Rdkit,MLP,0.6964,0.0867,0.1343,0.6123,0.0891,0.275,,35.0,6837.0,363.0,93.0
553,TOX21_FXR_BLA_antagonist_ratio,Rdkit,GBT,0.6965,0.0939,0.132,0.5563,0.1113,0.1346,,17.0,7042.0,158.0,111.0
554,TOX21_FXR_BLA_antagonist_ratio,Rdkit,RF,0.7272,0.1236,0.1526,0.5703,0.1565,0.1577,,20.0,7077.0,123.0,108.0
555,TOX21_FXR_BLA_antagonist_ratio,Rdkit,LR,0.6904,0.0803,0.1304,0.6201,0.0839,0.2987,,38.0,6778.0,422.0,90.0
556,TOX21_FXR_BLA_antagonist_ratio,Rdkit,KNN,0.6616,0.2144,0.0778,0.6404,0.0424,0.4699,,60.0,5839.0,1361.0,68.0
557,TOX21_FXR_BLA_antagonist_ratio,Rdkit,NB,0.6518,0.2286,0.0531,0.5916,0.0281,0.4769,,61.0,5085.0,2115.0,67.0
558,TOX21_FXR_BLA_antagonist_ratio,Layerd,MLP,0.6564,0.0937,0.1329,0.5882,0.0989,0.2122,,27.0,6941.0,258.0,101.0
559,TOX21_FXR_BLA_antagonist_ratio,Layerd,GBT,0.6664,0.0985,0.154,0.5427,0.1332,0.0948,,12.0,7131.0,68.0,116.0
560,TOX21_FXR_BLA_antagonist_ratio,Layerd,RF,0.7368,0.1251,0.1616,0.5502,0.1748,0.1096,,14.0,7132.0,67.0,114.0
561,TOX21_FXR_BLA_antagonist_ratio,Layerd,LR,0.6234,0.0748,0.1062,0.5856,0.0706,0.2205,,28.0,6844.0,355.0,100.0
562,TOX21_FXR_BLA_antagonist_ratio,Layerd,KNN,0.6729,0.1927,0.0878,0.6412,0.049,0.4301,,55.0,6135.0,1064.0,73.0
563,TOX21_FXR_BLA_antagonist_ratio,Layerd,NB,0.4366,0.3044,0.0277,0.4311,0.0142,0.5949,,76.0,1924.0,5275.0,52.0
564,TOX21_FXR_BLA_antagonist_ratio,Pattern,MLP,0.6604,0.0846,0.171,0.6167,0.1082,0.2731,,35.0,6940.0,286.0,93.0
565,TOX21_FXR_BLA_antagonist_ratio,Pattern,GBT,0.7575,0.1376,0.1854,0.5528,0.1556,0.116,,15.0,7150.0,76.0,113.0
566,TOX21_FXR_BLA_antagonist_ratio,Pattern,RF,0.7241,0.1194,0.2006,0.5719,0.1674,0.1564,,20.0,7135.0,91.0,108.0
567,TOX21_FXR_BLA_antagonist_ratio,Pattern,LR,0.6657,0.0845,0.1409,0.641,0.0891,0.3436,,44.0,6781.0,445.0,84.0
568,TOX21_FXR_BLA_antagonist_ratio,Pattern,KNN,0.6525,0.188,0.076,0.6309,0.0415,0.4449,,57.0,5903.0,1323.0,71.0
569,TOX21_FXR_BLA_antagonist_ratio,Pattern,NB,0.4298,0.3115,0.0276,0.4302,0.0141,0.6019,,77.0,1868.0,5358.0,51.0
570,TOX21_GR_BLA_Agonist_ratio,MACCS,MLP,0.8225,0.5822,0.4452,0.799,0.354,0.6167,,79.0,7832.0,149.0,49.0
571,TOX21_GR_BLA_Agonist_ratio,MACCS,GBT,0.8643,0.6058,0.5401,0.7996,0.4889,0.6096,,78.0,7898.0,83.0,50.0
572,TOX21_GR_BLA_Agonist_ratio,MACCS,RF,0.8736,0.6198,0.6387,0.7984,0.6918,0.6013,,77.0,7945.0,36.0,51.0
573,TOX21_GR_BLA_Agonist_ratio,MACCS,LR,0.8173,0.3757,0.179,0.7945,0.1031,0.6865,,88.0,7202.0,779.0,40.0
574,TOX21_GR_BLA_Agonist_ratio,MACCS,KNN,0.8308,0.4194,0.2024,0.816,0.1181,0.7186,,92.0,7289.0,692.0,36.0
575,TOX21_GR_BLA_Agonist_ratio,MACCS,NB,0.5992,0.4142,0.0391,0.5884,0.02,0.8282,,106.0,2782.0,5199.0,22.0
576,TOX21_GR_BLA_Agonist_ratio,Morgan,MLP,0.7838,0.6155,0.5468,0.8105,0.4908,0.6321,,81.0,7915.0,88.0,47.0
577,TOX21_GR_BLA_Agonist_ratio,Morgan,GBT,0.7918,0.6376,0.6257,0.8092,0.636,0.6244,,80.0,7955.0,48.0,48.0
578,TOX21_GR_BLA_Agonist_ratio,Morgan,RF,0.8574,0.6564,0.6929,0.8108,0.7899,0.6244,,80.0,7981.0,22.0,48.0
579,TOX21_GR_BLA_Agonist_ratio,Morgan,LR,0.8021,0.6233,0.5238,0.8134,0.4477,0.6398,,82.0,7899.0,104.0,46.0
580,TOX21_GR_BLA_Agonist_ratio,Morgan,KNN,0.8094,0.3971,0.1593,0.79,0.0903,0.6942,,89.0,7089.0,914.0,39.0
581,TOX21_GR_BLA_Agonist_ratio,Morgan,NB,0.705,0.3135,0.2492,0.705,0.174,0.4442,,57.0,7729.0,274.0,71.0
582,TOX21_GR_BLA_Agonist_ratio,Rdkit,MLP,0.8065,0.5445,0.4,0.8011,0.2994,0.6269,,80.0,7777.0,197.0,48.0
583,TOX21_GR_BLA_Agonist_ratio,Rdkit,GBT,0.8535,0.6244,0.6264,0.8024,0.6506,0.6103,,78.0,7931.0,43.0,50.0
584,TOX21_GR_BLA_Agonist_ratio,Rdkit,RF,0.8456,0.6103,0.6048,0.8094,0.603,0.6263,,80.0,7915.0,59.0,48.0
585,TOX21_GR_BLA_Agonist_ratio,Rdkit,LR,0.8109,0.5758,0.3769,0.8033,0.2714,0.6346,,81.0,7750.0,224.0,47.0
586,TOX21_GR_BLA_Agonist_ratio,Rdkit,KNN,0.7872,0.3819,0.1288,0.7659,0.0713,0.6731,,86.0,6847.0,1127.0,42.0
587,TOX21_GR_BLA_Agonist_ratio,Rdkit,NB,0.8044,0.4222,0.3749,0.8025,0.2674,0.6333,,81.0,7748.0,226.0,47.0
588,TOX21_GR_BLA_Agonist_ratio,Layerd,MLP,0.8113,0.5959,0.5135,0.8206,0.4287,0.6558,,84.0,7858.0,117.0,44.0
589,TOX21_GR_BLA_Agonist_ratio,Layerd,GBT,0.8537,0.6153,0.6368,0.7949,0.7046,0.5942,,76.0,7940.0,35.0,52.0
590,TOX21_GR_BLA_Agonist_ratio,Layerd,RF,0.8482,0.6244,0.6221,0.8057,0.6491,0.6173,,79.0,7928.0,47.0,49.0
591,TOX21_GR_BLA_Agonist_ratio,Layerd,LR,0.8203,0.597,0.4539,0.8032,0.3628,0.625,,80.0,7827.0,148.0,48.0
592,TOX21_GR_BLA_Agonist_ratio,Layerd,KNN,0.82,0.4292,0.1847,0.807,0.1064,0.7109,,91.0,7203.0,772.0,37.0
593,TOX21_GR_BLA_Agonist_ratio,Layerd,NB,0.6327,0.3847,0.047,0.6324,0.0243,0.7487,,96.0,4116.0,3859.0,32.0
594,TOX21_GR_BLA_Agonist_ratio,Pattern,MLP,0.8213,0.5852,0.4799,0.8188,0.3836,0.6551,,84.0,7864.0,140.0,44.0
595,TOX21_GR_BLA_Agonist_ratio,Pattern,GBT,0.8665,0.6398,0.6061,0.8083,0.5968,0.6237,,80.0,7947.0,57.0,48.0
596,TOX21_GR_BLA_Agonist_ratio,Pattern,RF,0.8486,0.635,0.6182,0.8087,0.6205,0.6237,,80.0,7953.0,51.0,48.0
597,TOX21_GR_BLA_Agonist_ratio,Pattern,LR,0.8165,0.5904,0.4032,0.8074,0.2958,0.6398,,82.0,7805.0,199.0,46.0
598,TOX21_GR_BLA_Agonist_ratio,Pattern,KNN,0.8233,0.42,0.1582,0.797,0.0891,0.7103,,91.0,7073.0,931.0,37.0
599,TOX21_GR_BLA_Agonist_ratio,Pattern,NB,0.6381,0.3772,0.0482,0.6366,0.0249,0.725,,93.0,4387.0,3617.0,35.0
600,TOX21_GR_BLA_Antagonist_ratio,MACCS,MLP,0.7955,0.3726,0.3675,0.7358,0.2944,0.5003,,92.0,7692.0,227.0,92.0
601,TOX21_GR_BLA_Antagonist_ratio,MACCS,GBT,0.8129,0.3788,0.4215,0.7198,0.399,0.4567,,84.0,7783.0,136.0,100.0
602,TOX21_GR_BLA_Antagonist_ratio,MACCS,RF,0.8251,0.4492,0.4604,0.7043,0.5264,0.4181,,77.0,7843.0,76.0,107.0
603,TOX21_GR_BLA_Antagonist_ratio,MACCS,LR,0.7896,0.2426,0.1619,0.7494,0.0927,0.6465,,119.0,6749.0,1170.0,65.0
604,TOX21_GR_BLA_Antagonist_ratio,MACCS,KNN,0.7775,0.342,0.1812,0.7397,0.1071,0.5976,,110.0,6982.0,937.0,74.0
605,TOX21_GR_BLA_Antagonist_ratio,MACCS,NB,0.5894,0.3681,0.0492,0.5432,0.0254,0.798,,147.0,2285.0,5634.0,37.0
606,TOX21_GR_BLA_Antagonist_ratio,Morgan,MLP,0.7735,0.3661,0.3501,0.7075,0.2936,0.4398,,81.0,7744.0,196.0,103.0
607,TOX21_GR_BLA_Antagonist_ratio,Morgan,GBT,0.7637,0.3635,0.4266,0.7202,0.4117,0.4556,,84.0,7819.0,121.0,100.0
608,TOX21_GR_BLA_Antagonist_ratio,Morgan,RF,0.8112,0.3942,0.435,0.6909,0.5069,0.3909,,72.0,7867.0,73.0,112.0
609,TOX21_GR_BLA_Antagonist_ratio,Morgan,LR,0.7966,0.3912,0.3429,0.7354,0.2626,0.5044,,93.0,7673.0,267.0,91.0
610,TOX21_GR_BLA_Antagonist_ratio,Morgan,KNN,0.765,0.3313,0.1492,0.7434,0.0843,0.6518,,120.0,6630.0,1310.0,64.0
611,TOX21_GR_BLA_Antagonist_ratio,Morgan,NB,0.5957,0.1853,0.1021,0.5957,0.062,0.2927,,54.0,7136.0,804.0,130.0
612,TOX21_GR_BLA_Antagonist_ratio,Rdkit,MLP,0.7811,0.3628,0.3089,0.7221,0.2306,0.4819,,89.0,7625.0,298.0,95.0
613,TOX21_GR_BLA_Antagonist_ratio,Rdkit,GBT,0.7824,0.3839,0.4303,0.6974,0.4733,0.4059,,75.0,7836.0,87.0,109.0
614,TOX21_GR_BLA_Antagonist_ratio,Rdkit,RF,0.8104,0.3807,0.4265,0.6947,0.4744,0.3997,,74.0,7841.0,82.0,110.0
615,TOX21_GR_BLA_Antagonist_ratio,Rdkit,LR,0.7753,0.3444,0.2953,0.7255,0.2128,0.493,,91.0,7590.0,333.0,93.0
616,TOX21_GR_BLA_Antagonist_ratio,Rdkit,KNN,0.774,0.3558,0.1574,0.7391,0.0901,0.6237,,115.0,6770.0,1153.0,69.0
617,TOX21_GR_BLA_Antagonist_ratio,Rdkit,NB,0.6323,0.2628,0.0928,0.6251,0.052,0.476,,88.0,6134.0,1789.0,96.0
618,TOX21_GR_BLA_Antagonist_ratio,Layerd,MLP,0.7975,0.3987,0.3796,0.748,0.2997,0.5257,,97.0,7686.0,235.0,87.0
619,TOX21_GR_BLA_Antagonist_ratio,Layerd,GBT,0.8076,0.419,0.433,0.7153,0.4291,0.4453,,82.0,7805.0,116.0,102.0
620,TOX21_GR_BLA_Antagonist_ratio,Layerd,RF,0.823,0.42,0.4576,0.7191,0.4753,0.4506,,83.0,7823.0,98.0,101.0
621,TOX21_GR_BLA_Antagonist_ratio,Layerd,LR,0.7979,0.3704,0.3242,0.7427,0.2348,0.5257,,97.0,7602.0,319.0,87.0
622,TOX21_GR_BLA_Antagonist_ratio,Layerd,KNN,0.7989,0.3617,0.1839,0.7708,0.1067,0.6743,,124.0,6871.0,1050.0,60.0
623,TOX21_GR_BLA_Antagonist_ratio,Layerd,NB,0.5359,0.3425,0.0494,0.5397,0.0256,0.6681,,123.0,3257.0,4664.0,61.0
624,TOX21_GR_BLA_Antagonist_ratio,Pattern,MLP,0.7608,0.3721,0.3277,0.7292,0.2469,0.4944,,91.0,7662.0,287.0,93.0
625,TOX21_GR_BLA_Antagonist_ratio,Pattern,GBT,0.8025,0.3725,0.4252,0.7122,0.422,0.4395,,81.0,7830.0,119.0,103.0
626,TOX21_GR_BLA_Antagonist_ratio,Pattern,RF,0.8123,0.394,0.4298,0.7078,0.4367,0.4286,,79.0,7845.0,104.0,105.0
627,TOX21_GR_BLA_Antagonist_ratio,Pattern,LR,0.7485,0.3381,0.275,0.7271,0.1897,0.5053,,93.0,7543.0,406.0,91.0
628,TOX21_GR_BLA_Antagonist_ratio,Pattern,KNN,0.7584,0.3231,0.1428,0.7221,0.081,0.6035,,111.0,6683.0,1266.0,73.0
629,TOX21_GR_BLA_Antagonist_ratio,Pattern,NB,0.5061,0.3253,0.0444,0.5063,0.0231,0.619,,114.0,3129.0,4820.0,70.0
630,TOX21_ARE_BLA_agonist_ratio,MACCS,MLP,0.687,0.2124,0.2924,0.6407,0.2145,0.4612,,322.0,5378.0,1179.0,376.0
631,TOX21_ARE_BLA_agonist_ratio,MACCS,GBT,0.677,0.2052,0.2576,0.5977,0.2166,0.3194,,223.0,5744.0,813.0,475.0
632,TOX21_ARE_BLA_agonist_ratio,MACCS,RF,0.7109,0.2506,0.2812,0.6075,0.2618,0.3052,,213.0,5965.0,592.0,485.0
633,TOX21_ARE_BLA_agonist_ratio,MACCS,LR,0.6557,0.1759,0.2229,0.6047,0.1333,0.6806,,475.0,3467.0,3090.0,223.0
634,TOX21_ARE_BLA_agonist_ratio,MACCS,KNN,0.672,0.3696,0.2485,0.6379,0.152,0.6805,,475.0,3903.0,2654.0,223.0
635,TOX21_ARE_BLA_agonist_ratio,MACCS,NB,0.603,0.2043,0.1911,0.545,0.1104,0.7452,,520.0,2261.0,4296.0,178.0
636,TOX21_ARE_BLA_agonist_ratio,Morgan,MLP,0.6685,0.1788,0.249,0.616,0.1668,0.4914,,343.0,4892.0,1713.0,355.0
637,TOX21_ARE_BLA_agonist_ratio,Morgan,GBT,0.6507,0.1734,0.2447,0.6158,0.1602,0.5202,,363.0,4699.0,1906.0,335.0
638,TOX21_ARE_BLA_agonist_ratio,Morgan,RF,0.7004,0.2069,0.2528,0.5963,0.2117,0.3166,,221.0,5786.0,819.0,477.0
639,TOX21_ARE_BLA_agonist_ratio,Morgan,LR,0.6691,0.185,0.2418,0.6186,0.1536,0.5689,,397.0,4415.0,2190.0,301.0
640,TOX21_ARE_BLA_agonist_ratio,Morgan,KNN,0.6489,0.3972,0.2176,0.6082,0.1254,0.8252,,576.0,2584.0,4021.0,122.0
641,TOX21_ARE_BLA_agonist_ratio,Morgan,NB,0.5401,0.3753,0.1841,0.5398,0.1084,0.6104,,426.0,3099.0,3506.0,272.0
642,TOX21_ARE_BLA_agonist_ratio,Rdkit,MLP,0.6898,0.2055,0.267,0.6326,0.1806,0.5128,,358.0,4931.0,1623.0,340.0
643,TOX21_ARE_BLA_agonist_ratio,Rdkit,GBT,0.6808,0.2109,0.261,0.6084,0.1989,0.3811,,266.0,5478.0,1076.0,432.0
644,TOX21_ARE_BLA_agonist_ratio,Rdkit,RF,0.6983,0.2387,0.2732,0.6049,0.2408,0.3166,,221.0,5854.0,700.0,477.0
645,TOX21_ARE_BLA_agonist_ratio,Rdkit,LR,0.6587,0.1736,0.2606,0.6291,0.1735,0.5243,,366.0,4810.0,1744.0,332.0
646,TOX21_ARE_BLA_agonist_ratio,Rdkit,KNN,0.6658,0.3921,0.238,0.6292,0.1426,0.7191,,502.0,3534.0,3020.0,196.0
647,TOX21_ARE_BLA_agonist_ratio,Rdkit,NB,0.6214,0.2743,0.2192,0.5895,0.1371,0.5515,,385.0,4113.0,2441.0,313.0
648,TOX21_ARE_BLA_agonist_ratio,Layerd,MLP,0.682,0.1994,0.2624,0.6242,0.1808,0.4842,,338.0,5011.0,1546.0,360.0
649,TOX21_ARE_BLA_agonist_ratio,Layerd,GBT,0.6729,0.1955,0.2722,0.6136,0.2147,0.3725,,260.0,5604.0,953.0,438.0
650,TOX21_ARE_BLA_agonist_ratio,Layerd,RF,0.692,0.2415,0.2801,0.6097,0.2463,0.3253,,227.0,5863.0,694.0,471.0
651,TOX21_ARE_BLA_agonist_ratio,Layerd,LR,0.6598,0.1805,0.2527,0.6222,0.1671,0.5201,,363.0,4750.0,1807.0,335.0
652,TOX21_ARE_BLA_agonist_ratio,Layerd,KNN,0.6458,0.3656,0.2347,0.6232,0.141,0.702,,490.0,3570.0,2987.0,208.0
653,TOX21_ARE_BLA_agonist_ratio,Layerd,NB,0.5518,0.3653,0.1911,0.5498,0.112,0.6519,,455.0,2936.0,3621.0,243.0
654,TOX21_ARE_BLA_agonist_ratio,Pattern,MLP,0.6739,0.2047,0.276,0.6332,0.1952,0.4728,,330.0,5273.0,1371.0,368.0
655,TOX21_ARE_BLA_agonist_ratio,Pattern,GBT,0.6696,0.1919,0.2576,0.6048,0.1992,0.3653,,255.0,5609.0,1035.0,443.0
656,TOX21_ARE_BLA_agonist_ratio,Pattern,RF,0.6732,0.2075,0.2614,0.5986,0.2274,0.3094,,216.0,5899.0,745.0,482.0
657,TOX21_ARE_BLA_agonist_ratio,Pattern,LR,0.6362,0.1818,0.2376,0.6115,0.1527,0.5371,,375.0,4557.0,2087.0,323.0
658,TOX21_ARE_BLA_agonist_ratio,Pattern,KNN,0.6256,0.3356,0.213,0.5914,0.127,0.6605,,461.0,3470.0,3174.0,237.0
659,TOX21_ARE_BLA_agonist_ratio,Pattern,NB,0.502,0.4616,0.1715,0.5025,0.0956,0.8309,,580.0,1157.0,5487.0,118.0
660,TOX21_TR_LUC_GH3_Agonist,MACCS,MLP,0.7493,0.2722,0.312,0.6386,0.1567,0.2833,,8.0,8056.0,49.0,20.0
661,TOX21_TR_LUC_GH3_Agonist,MACCS,GBT,0.6843,0.2351,0.5056,0.6245,0.463,0.25,,7.0,8097.0,8.0,21.0
662,TOX21_TR_LUC_GH3_Agonist,MACCS,RF,0.6812,0.3215,0.5952,0.6581,0.65,0.3167,,9.0,8101.0,4.0,19.0
663,TOX21_TR_LUC_GH3_Agonist,MACCS,LR,0.7393,0.0711,0.0726,0.657,0.0318,0.35,,10.0,7813.0,292.0,18.0
664,TOX21_TR_LUC_GH3_Agonist,MACCS,KNN,0.6697,0.1977,0.1152,0.6724,0.0532,0.3667,,10.0,7928.0,177.0,18.0
665,TOX21_TR_LUC_GH3_Agonist,MACCS,NB,0.6449,0.3451,0.0114,0.6449,0.0058,0.6833,,19.0,4915.0,3190.0,9.0
666,TOX21_TR_LUC_GH3_Agonist,Morgan,MLP,0.7,0.2919,0.451,0.6573,0.37,0.3167,,9.0,8089.0,16.0,19.0
667,TOX21_TR_LUC_GH3_Agonist,Morgan,GBT,0.787,0.1965,0.4317,0.624,0.3426,0.25,,7.0,8089.0,16.0,21.0
668,TOX21_TR_LUC_GH3_Agonist,Morgan,RF,0.786,0.3346,0.5286,0.6414,0.75,0.2833,,8.0,8100.0,5.0,20.0
669,TOX21_TR_LUC_GH3_Agonist,Morgan,LR,0.7887,0.3139,0.3462,0.6728,0.2376,0.35,,10.0,8070.0,35.0,18.0
670,TOX21_TR_LUC_GH3_Agonist,Morgan,KNN,0.6834,0.2122,0.1115,0.6868,0.0511,0.4,,11.0,7891.0,214.0,17.0
671,TOX21_TR_LUC_GH3_Agonist,Morgan,NB,0.624,0.3527,0.4224,0.624,0.392,0.25,,7.0,8088.0,17.0,21.0
672,TOX21_TR_LUC_GH3_Agonist,Rdkit,MLP,0.6504,0.2822,0.4184,0.6569,0.32,0.3167,,9.0,8082.0,23.0,19.0
673,TOX21_TR_LUC_GH3_Agonist,Rdkit,GBT,0.8072,0.3382,0.515,0.6578,0.4833,0.3167,,9.0,8096.0,9.0,19.0
674,TOX21_TR_LUC_GH3_Agonist,Rdkit,RF,0.7203,0.3224,0.5667,0.6581,0.6852,0.3167,,9.0,8101.0,4.0,19.0
675,TOX21_TR_LUC_GH3_Agonist,Rdkit,LR,0.704,0.3234,0.3607,0.6558,0.2302,0.3167,,9.0,8064.0,41.0,19.0
676,TOX21_TR_LUC_GH3_Agonist,Rdkit,KNN,0.6645,0.1791,0.0613,0.6348,0.0231,0.3167,,9.0,7724.0,381.0,19.0
677,TOX21_TR_LUC_GH3_Agonist,Rdkit,NB,0.5912,0.1635,0.0221,0.5912,0.0079,0.3167,,9.0,7017.0,1088.0,19.0
678,TOX21_TR_LUC_GH3_Agonist,Layerd,MLP,0.687,0.2977,0.4106,0.6568,0.296,0.3167,,9.0,8081.0,24.0,19.0
679,TOX21_TR_LUC_GH3_Agonist,Layerd,GBT,0.7547,0.3293,0.5476,0.6579,0.6296,0.3167,,9.0,8098.0,7.0,19.0
680,TOX21_TR_LUC_GH3_Agonist,Layerd,RF,0.7443,0.3251,0.5571,0.6581,0.8333,0.3167,,9.0,8102.0,3.0,19.0
681,TOX21_TR_LUC_GH3_Agonist,Layerd,LR,0.7113,0.2999,0.3551,0.6562,0.2175,0.3167,,9.0,8070.0,35.0,19.0
682,TOX21_TR_LUC_GH3_Agonist,Layerd,KNN,0.7152,0.229,0.077,0.6774,0.029,0.4,,11.0,7739.0,366.0,17.0
683,TOX21_TR_LUC_GH3_Agonist,Layerd,NB,0.6607,0.203,0.0487,0.6607,0.0206,0.3833,,11.0,7603.0,502.0,17.0
684,TOX21_TR_LUC_GH3_Agonist,Pattern,MLP,0.686,0.2421,0.3352,0.6726,0.2317,0.35,,10.0,8066.0,38.0,18.0
685,TOX21_TR_LUC_GH3_Agonist,Pattern,GBT,0.6901,0.2629,0.4619,0.6409,0.5185,0.2833,,8.0,8092.0,12.0,20.0
686,TOX21_TR_LUC_GH3_Agonist,Pattern,RF,0.6402,0.3083,0.5381,0.6497,0.7083,0.3,,9.0,8100.0,4.0,19.0
687,TOX21_TR_LUC_GH3_Agonist,Pattern,LR,0.68,0.214,0.2928,0.6467,0.1605,0.3,,9.0,8050.0,54.0,19.0
688,TOX21_TR_LUC_GH3_Agonist,Pattern,KNN,0.6901,0.2053,0.089,0.6925,0.0445,0.4167,,12.0,7847.0,257.0,16.0
689,TOX21_TR_LUC_GH3_Agonist,Pattern,NB,0.6452,0.207,0.0292,0.6452,0.012,0.4,,11.0,7216.0,888.0,17.0
690,TOX21_TR_LUC_GH3_Antagonist,MACCS,MLP,0.7268,0.1825,0.2563,0.6515,0.186,0.4203,,204.0,6697.0,890.0,281.0
691,TOX21_TR_LUC_GH3_Antagonist,MACCS,GBT,0.713,0.1744,0.1924,0.5688,0.2053,0.1835,,89.0,7239.0,348.0,396.0
692,TOX21_TR_LUC_GH3_Antagonist,MACCS,RF,0.7527,0.2394,0.2902,0.6212,0.304,0.2843,,138.0,7269.0,318.0,347.0
693,TOX21_TR_LUC_GH3_Antagonist,MACCS,LR,0.6974,0.131,0.1805,0.6501,0.1045,0.6658,,323.0,4813.0,2774.0,162.0
694,TOX21_TR_LUC_GH3_Antagonist,MACCS,KNN,0.6982,0.3223,0.1974,0.6611,0.1175,0.6183,,300.0,5341.0,2246.0,185.0
695,TOX21_TR_LUC_GH3_Antagonist,MACCS,NB,0.6222,0.215,0.1195,0.5292,0.0643,0.8477,,411.0,1599.0,5988.0,74.0
696,TOX21_TR_LUC_GH3_Antagonist,Morgan,MLP,0.6653,0.1635,0.2223,0.6232,0.1591,0.3708,,180.0,6669.0,948.0,305.0
697,TOX21_TR_LUC_GH3_Antagonist,Morgan,GBT,0.6381,0.1648,0.203,0.5729,0.2251,0.1896,,92.0,7283.0,334.0,393.0
698,TOX21_TR_LUC_GH3_Antagonist,Morgan,RF,0.738,0.2114,0.2131,0.5729,0.2873,0.173,,84.0,7410.0,207.0,401.0
699,TOX21_TR_LUC_GH3_Antagonist,Morgan,LR,0.6711,0.1553,0.2215,0.6398,0.1477,0.4431,,215.0,6372.0,1245.0,270.0
700,TOX21_TR_LUC_GH3_Antagonist,Morgan,KNN,0.668,0.3109,0.1702,0.6317,0.0983,0.633,,307.0,4801.0,2816.0,178.0
701,TOX21_TR_LUC_GH3_Antagonist,Morgan,NB,0.5039,0.3191,0.1092,0.5032,0.0606,0.5505,,267.0,3472.0,4145.0,218.0
702,TOX21_TR_LUC_GH3_Antagonist,Rdkit,MLP,0.6975,0.1778,0.2386,0.6436,0.1662,0.427,,207.0,6511.0,1059.0,278.0
703,TOX21_TR_LUC_GH3_Antagonist,Rdkit,GBT,0.6719,0.1846,0.2171,0.5813,0.2315,0.206,,100.0,7241.0,329.0,385.0
704,TOX21_TR_LUC_GH3_Antagonist,Rdkit,RF,0.7334,0.2252,0.2678,0.608,0.2789,0.2597,,126.0,7238.0,332.0,359.0
705,TOX21_TR_LUC_GH3_Antagonist,Rdkit,LR,0.6497,0.123,0.2057,0.6242,0.1366,0.4188,,203.0,6280.0,1290.0,282.0
706,TOX21_TR_LUC_GH3_Antagonist,Rdkit,KNN,0.6756,0.3367,0.185,0.6466,0.1089,0.6185,,300.0,5107.0,2463.0,185.0
707,TOX21_TR_LUC_GH3_Antagonist,Rdkit,NB,0.6271,0.3253,0.1477,0.5861,0.0853,0.5484,,266.0,4722.0,2848.0,219.0
708,TOX21_TR_LUC_GH3_Antagonist,Layerd,MLP,0.7128,0.1893,0.2501,0.6565,0.1735,0.4518,,219.0,6516.0,1050.0,266.0
709,TOX21_TR_LUC_GH3_Antagonist,Layerd,GBT,0.6873,0.1886,0.2243,0.5915,0.2101,0.2416,,117.0,7122.0,444.0,368.0
710,TOX21_TR_LUC_GH3_Antagonist,Layerd,RF,0.7489,0.2456,0.2921,0.6222,0.297,0.2889,,140.0,7229.0,337.0,345.0
711,TOX21_TR_LUC_GH3_Antagonist,Layerd,LR,0.6747,0.1367,0.2251,0.6452,0.1494,0.4576,,222.0,6301.0,1265.0,263.0
712,TOX21_TR_LUC_GH3_Antagonist,Layerd,KNN,0.6899,0.3344,0.1922,0.6558,0.1136,0.6247,,303.0,5198.0,2368.0,182.0
713,TOX21_TR_LUC_GH3_Antagonist,Layerd,NB,0.6157,0.3312,0.1599,0.6068,0.0928,0.5794,,281.0,4798.0,2768.0,204.0
714,TOX21_TR_LUC_GH3_Antagonist,Pattern,MLP,0.7208,0.1811,0.2396,0.6468,0.1663,0.4311,,209.0,6589.0,1050.0,276.0
715,TOX21_TR_LUC_GH3_Antagonist,Pattern,GBT,0.7258,0.1586,0.2165,0.6073,0.1669,0.3135,,152.0,6884.0,755.0,333.0
716,TOX21_TR_LUC_GH3_Antagonist,Pattern,RF,0.7498,0.2104,0.255,0.611,0.2379,0.2785,,135.0,7207.0,432.0,350.0
717,TOX21_TR_LUC_GH3_Antagonist,Pattern,LR,0.6743,0.1303,0.2113,0.6494,0.1337,0.5074,,246.0,6045.0,1594.0,239.0
718,TOX21_TR_LUC_GH3_Antagonist,Pattern,KNN,0.6904,0.3179,0.186,0.6585,0.1082,0.6641,,322.0,4988.0,2651.0,163.0
719,TOX21_TR_LUC_GH3_Antagonist,Pattern,NB,0.6231,0.3937,0.1626,0.6271,0.0923,0.6909,,335.0,4303.0,3336.0,150.0
720,TOX21_PPARg_BLA_Agonist_ratio,MACCS,MLP,0.7944,0.2403,0.2471,0.6745,0.1882,0.3709,,39.0,7836.0,176.0,66.0
721,TOX21_PPARg_BLA_Agonist_ratio,MACCS,GBT,0.8104,0.1664,0.225,0.5952,0.2186,0.2009,,21.0,7928.0,84.0,84.0
722,TOX21_PPARg_BLA_Agonist_ratio,MACCS,RF,0.8299,0.2055,0.2656,0.5726,0.2558,0.15,,16.0,7974.0,38.0,89.0
723,TOX21_PPARg_BLA_Agonist_ratio,MACCS,LR,0.7905,0.0939,0.1027,0.7373,0.0561,0.61,,64.0,6927.0,1085.0,41.0
724,TOX21_PPARg_BLA_Agonist_ratio,MACCS,KNN,0.7288,0.2542,0.1178,0.7047,0.0669,0.5018,,53.0,7272.0,740.0,52.0
725,TOX21_PPARg_BLA_Agonist_ratio,MACCS,NB,0.5872,0.4622,0.0311,0.5865,0.0158,0.9255,,97.0,1984.0,6028.0,8.0
726,TOX21_PPARg_BLA_Agonist_ratio,Morgan,MLP,0.7439,0.2899,0.2988,0.6748,0.2606,0.3627,,38.0,7921.0,105.0,67.0
727,TOX21_PPARg_BLA_Agonist_ratio,Morgan,GBT,0.8027,0.1344,0.217,0.6181,0.198,0.25,,26.0,7916.0,110.0,79.0
728,TOX21_PPARg_BLA_Agonist_ratio,Morgan,RF,0.826,0.3006,0.4189,0.6196,0.5667,0.2409,,25.0,8012.0,14.0,80.0
729,TOX21_PPARg_BLA_Agonist_ratio,Morgan,LR,0.7864,0.2885,0.2793,0.7172,0.2025,0.4582,,48.0,7835.0,191.0,57.0
730,TOX21_PPARg_BLA_Agonist_ratio,Morgan,KNN,0.7957,0.2843,0.1302,0.7505,0.0731,0.6009,,63.0,7224.0,802.0,42.0
731,TOX21_PPARg_BLA_Agonist_ratio,Morgan,NB,0.5725,0.1268,0.0909,0.5725,0.0522,0.1909,,20.0,7657.0,369.0,85.0
732,TOX21_PPARg_BLA_Agonist_ratio,Rdkit,MLP,0.7094,0.2014,0.2132,0.6456,0.1657,0.3127,,33.0,7841.0,173.0,72.0
733,TOX21_PPARg_BLA_Agonist_ratio,Rdkit,GBT,0.7779,0.1849,0.2634,0.6108,0.3273,0.2282,,24.0,7961.0,53.0,81.0
734,TOX21_PPARg_BLA_Agonist_ratio,Rdkit,RF,0.8088,0.1705,0.2285,0.5736,0.4092,0.1518,,16.0,7977.0,37.0,89.0
735,TOX21_PPARg_BLA_Agonist_ratio,Rdkit,LR,0.7119,0.1745,0.1905,0.6516,0.1346,0.3318,,35.0,7785.0,229.0,70.0
736,TOX21_PPARg_BLA_Agonist_ratio,Rdkit,KNN,0.754,0.275,0.1075,0.721,0.0596,0.56,,59.0,7069.0,945.0,46.0
737,TOX21_PPARg_BLA_Agonist_ratio,Rdkit,NB,0.5982,0.1494,0.0535,0.5754,0.0296,0.3418,,36.0,6484.0,1530.0,69.0
738,TOX21_PPARg_BLA_Agonist_ratio,Layerd,MLP,0.8018,0.2029,0.2181,0.6587,0.1617,0.3409,,36.0,7826.0,188.0,69.0
739,TOX21_PPARg_BLA_Agonist_ratio,Layerd,GBT,0.8548,0.2159,0.2751,0.6495,0.2602,0.3118,,33.0,7911.0,103.0,72.0
740,TOX21_PPARg_BLA_Agonist_ratio,Layerd,RF,0.8396,0.2261,0.2599,0.5978,0.4217,0.2,,21.0,7978.0,36.0,84.0
741,TOX21_PPARg_BLA_Agonist_ratio,Layerd,LR,0.8144,0.1772,0.2116,0.6788,0.1471,0.3882,,41.0,7769.0,245.0,64.0
742,TOX21_PPARg_BLA_Agonist_ratio,Layerd,KNN,0.7513,0.2566,0.1055,0.7204,0.0583,0.5609,,59.0,7052.0,962.0,46.0
743,TOX21_PPARg_BLA_Agonist_ratio,Layerd,NB,0.5256,0.2948,0.0279,0.5288,0.0143,0.58,,61.0,3827.0,4187.0,44.0
744,TOX21_PPARg_BLA_Agonist_ratio,Pattern,MLP,0.8023,0.1882,0.2205,0.6606,0.1643,0.3436,,36.0,7848.0,180.0,69.0
745,TOX21_PPARg_BLA_Agonist_ratio,Pattern,GBT,0.8329,0.2167,0.2516,0.6211,0.209,0.2554,,27.0,7921.0,107.0,78.0
746,TOX21_PPARg_BLA_Agonist_ratio,Pattern,RF,0.8346,0.2357,0.2948,0.608,0.3611,0.2209,,23.0,7988.0,40.0,82.0
747,TOX21_PPARg_BLA_Agonist_ratio,Pattern,LR,0.8132,0.1654,0.1937,0.6862,0.1277,0.4082,,43.0,7741.0,287.0,62.0
748,TOX21_PPARg_BLA_Agonist_ratio,Pattern,KNN,0.7352,0.2467,0.0937,0.7104,0.0513,0.5536,,58.0,6961.0,1067.0,47.0
749,TOX21_PPARg_BLA_Agonist_ratio,Pattern,NB,0.5654,0.3153,0.032,0.5654,0.0164,0.6091,,64.0,4189.0,3839.0,41.0
750,TOX21_PPARd_BLA_agonist_ratio,MACCS,MLP,0.7583,0.1277,0.1782,0.6114,0.086,0.2333,,7.0,7225.0,77.0,24.0
751,TOX21_PPARd_BLA_agonist_ratio,MACCS,GBT,0.7906,0.1806,0.3301,0.5972,0.1417,0.2,,6.0,7261.0,41.0,25.0
752,TOX21_PPARd_BLA_agonist_ratio,MACCS,RF,0.7381,0.161,0.4171,0.5824,0.325,0.1667,,5.0,7288.0,14.0,26.0
753,TOX21_PPARd_BLA_agonist_ratio,MACCS,LR,0.7484,0.0311,0.0676,0.6193,0.0259,0.2833,,9.0,6975.0,327.0,22.0
754,TOX21_PPARd_BLA_agonist_ratio,MACCS,KNN,0.6668,0.1817,0.0769,0.66,0.0337,0.3667,,11.0,6962.0,340.0,20.0
755,TOX21_PPARd_BLA_agonist_ratio,MACCS,NB,0.6199,0.3539,0.0128,0.6195,0.0065,0.7,,22.0,3936.0,3366.0,9.0
756,TOX21_PPARd_BLA_agonist_ratio,Morgan,MLP,0.7251,0.2046,0.2869,0.6145,0.1589,0.2333,,7.0,7282.0,32.0,24.0
757,TOX21_PPARd_BLA_agonist_ratio,Morgan,GBT,0.7841,0.1398,0.2419,0.6253,0.1288,0.2583,,8.0,7258.0,56.0,23.0
758,TOX21_PPARd_BLA_agonist_ratio,Morgan,RF,0.8215,0.2451,0.4222,0.5995,0.4792,0.2,,6.0,7307.0,7.0,25.0
759,TOX21_PPARd_BLA_agonist_ratio,Morgan,LR,0.8152,0.1861,0.2119,0.6287,0.1073,0.2666,,8.0,7247.0,67.0,23.0
760,TOX21_PPARd_BLA_agonist_ratio,Morgan,KNN,0.7651,0.2164,0.047,0.7258,0.0246,0.55,,17.0,6594.0,720.0,14.0
761,TOX21_PPARd_BLA_agonist_ratio,Morgan,NB,0.5783,0.1214,0.1994,0.5783,0.0726,0.1666,,5.0,7241.0,73.0,26.0
762,TOX21_PPARd_BLA_agonist_ratio,Rdkit,MLP,0.7269,0.2336,0.2181,0.6854,0.1161,0.3833,,12.0,7208.0,92.0,19.0
763,TOX21_PPARd_BLA_agonist_ratio,Rdkit,GBT,0.8212,0.1779,0.3293,0.5938,0.1617,0.1917,,6.0,7270.0,30.0,25.0
764,TOX21_PPARd_BLA_agonist_ratio,Rdkit,RF,0.797,0.1683,0.3762,0.6109,0.2417,0.225,,7.0,7277.0,23.0,24.0
765,TOX21_PPARd_BLA_agonist_ratio,Rdkit,LR,0.8052,0.2386,0.1811,0.6836,0.0906,0.3833,,12.0,7182.0,118.0,19.0
766,TOX21_PPARd_BLA_agonist_ratio,Rdkit,KNN,0.7469,0.2772,0.0505,0.745,0.0264,0.5833,,18.0,6619.0,681.0,13.0
767,TOX21_PPARd_BLA_agonist_ratio,Rdkit,NB,0.5477,0.1337,0.017,0.5266,0.0052,0.2583,,8.0,5802.0,1498.0,23.0
768,TOX21_PPARd_BLA_agonist_ratio,Layerd,MLP,0.778,0.2448,0.2803,0.641,0.1636,0.2917,,9.0,7229.0,70.0,22.0
769,TOX21_PPARd_BLA_agonist_ratio,Layerd,GBT,0.8035,0.189,0.3416,0.6057,0.1459,0.2167,,7.0,7260.0,39.0,24.0
770,TOX21_PPARd_BLA_agonist_ratio,Layerd,RF,0.8438,0.1915,0.4171,0.5781,0.3333,0.1583,,5.0,7283.0,16.0,26.0
771,TOX21_PPARd_BLA_agonist_ratio,Layerd,LR,0.7903,0.1855,0.2361,0.6678,0.1126,0.35,,11.0,7194.0,105.0,20.0
772,TOX21_PPARd_BLA_agonist_ratio,Layerd,KNN,0.7452,0.23,0.0752,0.721,0.0321,0.5083,,16.0,6815.0,484.0,15.0
773,TOX21_PPARd_BLA_agonist_ratio,Layerd,NB,0.5971,0.181,0.0257,0.5971,0.0092,0.35,,11.0,6162.0,1137.0,20.0
774,TOX21_PPARd_BLA_agonist_ratio,Pattern,MLP,0.7628,0.2109,0.242,0.6258,0.1295,0.2583,,8.0,7276.0,49.0,23.0
775,TOX21_PPARd_BLA_agonist_ratio,Pattern,GBT,0.8523,0.2056,0.2771,0.6427,0.1478,0.2917,,9.0,7279.0,46.0,22.0
776,TOX21_PPARd_BLA_agonist_ratio,Pattern,RF,0.8096,0.1987,0.4262,0.6118,0.3704,0.225,,7.0,7314.0,11.0,24.0
777,TOX21_PPARd_BLA_agonist_ratio,Pattern,LR,0.796,0.1808,0.2152,0.6569,0.0995,0.325,,10.0,7243.0,82.0,21.0
778,TOX21_PPARd_BLA_agonist_ratio,Pattern,KNN,0.7642,0.2274,0.0731,0.7324,0.0352,0.525,,16.0,6885.0,440.0,15.0
779,TOX21_PPARd_BLA_agonist_ratio,Pattern,NB,0.5897,0.1527,0.0298,0.5897,0.0108,0.2917,,9.0,6503.0,822.0,22.0
780,TOX21_PPARd_BLA_antagonist_ratio,MACCS,MLP,0.695,0.0957,0.1665,0.6033,0.0955,0.2305,,19.0,7083.0,174.0,64.0
781,TOX21_PPARd_BLA_antagonist_ratio,MACCS,GBT,0.7421,0.0956,0.1323,0.5329,0.0863,0.0736,,6.0,7200.0,57.0,77.0
782,TOX21_PPARd_BLA_antagonist_ratio,MACCS,RF,0.7635,0.0885,0.18,0.5577,0.195,0.1208,,10.0,7218.0,39.0,73.0
783,TOX21_PPARd_BLA_antagonist_ratio,MACCS,LR,0.6644,0.0664,0.0699,0.6363,0.0342,0.3972,,33.0,6353.0,904.0,50.0
784,TOX21_PPARd_BLA_antagonist_ratio,MACCS,KNN,0.6447,0.1425,0.0659,0.621,0.0365,0.343,,28.0,6524.0,733.0,55.0
785,TOX21_PPARd_BLA_antagonist_ratio,MACCS,NB,0.4695,0.3625,0.019,0.4388,0.0096,0.7236,,60.0,1117.0,6140.0,23.0
786,TOX21_PPARd_BLA_antagonist_ratio,Morgan,MLP,0.6398,0.1453,0.2418,0.6206,0.1575,0.2583,,22.0,7139.0,124.0,61.0
787,TOX21_PPARd_BLA_antagonist_ratio,Morgan,GBT,0.676,0.1241,0.225,0.5759,0.1156,0.1653,,14.0,7165.0,98.0,69.0
788,TOX21_PPARd_BLA_antagonist_ratio,Morgan,RF,0.7403,0.1244,0.215,0.544,0.2528,0.0931,,8.0,7226.0,37.0,75.0
789,TOX21_PPARd_BLA_antagonist_ratio,Morgan,LR,0.6815,0.1521,0.1922,0.6297,0.1248,0.2833,,24.0,7089.0,174.0,59.0
790,TOX21_PPARd_BLA_antagonist_ratio,Morgan,KNN,0.6436,0.1974,0.0563,0.6309,0.0302,0.4153,,35.0,6149.0,1114.0,48.0
791,TOX21_PPARd_BLA_antagonist_ratio,Morgan,NB,0.5572,0.1028,0.0802,0.5572,0.0406,0.1556,,13.0,6964.0,299.0,70.0
792,TOX21_PPARd_BLA_antagonist_ratio,Rdkit,MLP,0.6458,0.0913,0.1411,0.6336,0.0942,0.3,,25.0,6999.0,238.0,58.0
793,TOX21_PPARd_BLA_antagonist_ratio,Rdkit,GBT,0.7041,0.076,0.1371,0.5752,0.1008,0.168,,14.0,7109.0,128.0,69.0
794,TOX21_PPARd_BLA_antagonist_ratio,Rdkit,RF,0.7413,0.0856,0.1719,0.5776,0.1511,0.1667,,14.0,7154.0,83.0,69.0
795,TOX21_PPARd_BLA_antagonist_ratio,Rdkit,LR,0.6692,0.0856,0.1245,0.623,0.0707,0.2875,,24.0,6936.0,301.0,59.0
796,TOX21_PPARd_BLA_antagonist_ratio,Rdkit,KNN,0.6758,0.2214,0.0642,0.6682,0.0344,0.4931,,41.0,6103.0,1134.0,42.0
797,TOX21_PPARd_BLA_antagonist_ratio,Rdkit,NB,0.5415,0.1584,0.0428,0.5618,0.0237,0.4056,,34.0,5197.0,2040.0,49.0
798,TOX21_PPARd_BLA_antagonist_ratio,Layerd,MLP,0.6634,0.0957,0.1841,0.6325,0.119,0.2875,,24.0,7074.0,163.0,59.0
799,TOX21_PPARd_BLA_antagonist_ratio,Layerd,GBT,0.6794,0.1387,0.2676,0.5697,0.3622,0.143,,12.0,7211.0,26.0,71.0
800,TOX21_PPARd_BLA_antagonist_ratio,Layerd,RF,0.7327,0.1331,0.2128,0.5568,0.2269,0.118,,10.0,7204.0,33.0,73.0
801,TOX21_PPARd_BLA_antagonist_ratio,Layerd,LR,0.6547,0.1043,0.1631,0.6234,0.1017,0.2736,,23.0,7043.0,194.0,60.0
802,TOX21_PPARd_BLA_antagonist_ratio,Layerd,KNN,0.6626,0.2024,0.0801,0.6482,0.0396,0.4083,,34.0,6427.0,810.0,49.0
803,TOX21_PPARd_BLA_antagonist_ratio,Layerd,NB,0.4044,0.2369,0.0156,0.4061,0.0079,0.4597,,38.0,2551.0,4686.0,45.0
804,TOX21_PPARd_BLA_antagonist_ratio,Pattern,MLP,0.6747,0.096,0.1895,0.6219,0.1269,0.2653,,22.0,7118.0,156.0,61.0
805,TOX21_PPARd_BLA_antagonist_ratio,Pattern,GBT,0.7293,0.1288,0.2527,0.5743,0.2313,0.1556,,13.0,7223.0,51.0,70.0
806,TOX21_PPARd_BLA_antagonist_ratio,Pattern,RF,0.786,0.1097,0.2646,0.5738,0.1656,0.1556,,13.0,7217.0,57.0,70.0
807,TOX21_PPARd_BLA_antagonist_ratio,Pattern,LR,0.6498,0.0839,0.1293,0.6142,0.0754,0.2639,,22.0,7016.0,258.0,61.0
808,TOX21_PPARd_BLA_antagonist_ratio,Pattern,KNN,0.6682,0.1818,0.0663,0.6294,0.0323,0.3917,,33.0,6307.0,967.0,50.0
809,TOX21_PPARd_BLA_antagonist_ratio,Pattern,NB,0.4166,0.2025,0.0152,0.4166,0.0078,0.3903,,32.0,3221.0,4053.0,51.0
810,TOX21_PPARg_BLA_antagonist_ratio,MACCS,MLP,0.7954,0.1768,0.2508,0.671,0.1849,0.395,,84.0,6725.0,377.0,129.0
811,TOX21_PPARg_BLA_antagonist_ratio,MACCS,GBT,0.7825,0.1734,0.2371,0.6246,0.2072,0.2814,,60.0,6873.0,229.0,153.0
812,TOX21_PPARg_BLA_antagonist_ratio,MACCS,RF,0.8078,0.2249,0.2764,0.6145,0.3301,0.2442,,52.0,6994.0,108.0,161.0
813,TOX21_PPARg_BLA_antagonist_ratio,MACCS,LR,0.7622,0.128,0.1394,0.7056,0.0783,0.6385,,136.0,5488.0,1614.0,77.0
814,TOX21_PPARg_BLA_antagonist_ratio,MACCS,KNN,0.7495,0.2966,0.1669,0.717,0.097,0.6013,,128.0,5914.0,1188.0,85.0
815,TOX21_PPARg_BLA_antagonist_ratio,MACCS,NB,0.5312,0.4744,0.0612,0.5382,0.0316,0.948,,202.0,911.0,6191.0,11.0
816,TOX21_PPARg_BLA_antagonist_ratio,Morgan,MLP,0.6634,0.1144,0.1881,0.6096,0.1462,0.2673,,57.0,6792.0,343.0,156.0
817,TOX21_PPARg_BLA_antagonist_ratio,Morgan,GBT,0.6985,0.1383,0.1988,0.5691,0.2238,0.1546,,33.0,7018.0,117.0,180.0
818,TOX21_PPARg_BLA_antagonist_ratio,Morgan,RF,0.7922,0.1838,0.1985,0.5647,0.3757,0.1359,,29.0,7089.0,46.0,184.0
819,TOX21_PPARg_BLA_antagonist_ratio,Morgan,LR,0.7234,0.1487,0.2088,0.653,0.1468,0.3706,,79.0,6675.0,460.0,134.0
820,TOX21_PPARg_BLA_antagonist_ratio,Morgan,KNN,0.7254,0.266,0.1258,0.6763,0.0705,0.5857,,125.0,5472.0,1663.0,88.0
821,TOX21_PPARg_BLA_antagonist_ratio,Morgan,NB,0.5209,0.133,0.0612,0.5209,0.036,0.2069,,44.0,5957.0,1178.0,169.0
822,TOX21_PPARg_BLA_antagonist_ratio,Rdkit,MLP,0.7485,0.1311,0.1929,0.6487,0.1311,0.3714,,79.0,6585.0,526.0,134.0
823,TOX21_PPARg_BLA_antagonist_ratio,Rdkit,GBT,0.7777,0.1634,0.2256,0.592,0.2662,0.202,,43.0,6984.0,127.0,170.0
824,TOX21_PPARg_BLA_antagonist_ratio,Rdkit,RF,0.8095,0.1908,0.2577,0.6007,0.3279,0.2162,,46.0,7006.0,105.0,167.0
825,TOX21_PPARg_BLA_antagonist_ratio,Rdkit,LR,0.7412,0.1136,0.1817,0.6464,0.1202,0.376,,80.0,6519.0,592.0,133.0
826,TOX21_PPARg_BLA_antagonist_ratio,Rdkit,KNN,0.7454,0.3116,0.1475,0.7065,0.0839,0.6149,,131.0,5675.0,1436.0,82.0
827,TOX21_PPARg_BLA_antagonist_ratio,Rdkit,NB,0.6882,0.339,0.0966,0.6415,0.0524,0.6193,,132.0,4719.0,2392.0,81.0
828,TOX21_PPARg_BLA_antagonist_ratio,Layerd,MLP,0.7886,0.2096,0.2525,0.6921,0.1774,0.4452,,95.0,6675.0,434.0,118.0
829,TOX21_PPARg_BLA_antagonist_ratio,Layerd,GBT,0.801,0.2265,0.2652,0.6206,0.2735,0.263,,56.0,6954.0,155.0,157.0
830,TOX21_PPARg_BLA_antagonist_ratio,Layerd,RF,0.8068,0.2512,0.2849,0.6193,0.33,0.2534,,54.0,7004.0,105.0,159.0
831,TOX21_PPARg_BLA_antagonist_ratio,Layerd,LR,0.7741,0.1913,0.247,0.7033,0.167,0.4777,,102.0,6604.0,505.0,111.0
832,TOX21_PPARg_BLA_antagonist_ratio,Layerd,KNN,0.7528,0.2951,0.1638,0.7189,0.0945,0.6143,,131.0,5854.0,1255.0,82.0
833,TOX21_PPARg_BLA_antagonist_ratio,Layerd,NB,0.64,0.3783,0.091,0.6477,0.0486,0.7227,,154.0,4071.0,3038.0,59.0
834,TOX21_PPARg_BLA_antagonist_ratio,Pattern,MLP,0.7974,0.1799,0.2613,0.6952,0.1849,0.4496,,96.0,6719.0,422.0,117.0
835,TOX21_PPARg_BLA_antagonist_ratio,Pattern,GBT,0.8202,0.1887,0.2698,0.652,0.2288,0.3381,,72.0,6898.0,243.0,141.0
836,TOX21_PPARg_BLA_antagonist_ratio,Pattern,RF,0.8317,0.1951,0.2516,0.607,0.2865,0.2303,,49.0,7025.0,116.0,164.0
837,TOX21_PPARg_BLA_antagonist_ratio,Pattern,LR,0.7849,0.1509,0.2165,0.6989,0.1396,0.4875,,104.0,6501.0,640.0,109.0
838,TOX21_PPARg_BLA_antagonist_ratio,Pattern,KNN,0.7597,0.3084,0.149,0.7242,0.084,0.6654,,142.0,5592.0,1549.0,71.0
839,TOX21_PPARg_BLA_antagonist_ratio,Pattern,NB,0.5053,0.3777,0.0569,0.5073,0.0296,0.7177,,153.0,2120.0,5021.0,60.0
840,NVS_ADME_hCYP1A2,MACCS,MLP,0.5781,0.6676,0.6314,0.5393,0.6186,0.6536,,67.0,31.0,42.0,35.0
841,NVS_ADME_hCYP1A2,MACCS,GBT,0.625,0.7447,0.6641,0.5727,0.6445,0.6936,,71.0,33.0,40.0,31.0
842,NVS_ADME_hCYP1A2,MACCS,RF,0.6271,0.7238,0.673,0.5588,0.6266,0.7336,,75.0,28.0,45.0,27.0
843,NVS_ADME_hCYP1A2,MACCS,LR,0.6004,0.6872,0.6498,0.5582,0.6333,0.6755,,69.0,32.0,41.0,33.0
844,NVS_ADME_hCYP1A2,MACCS,KNN,0.6196,0.6968,0.7021,0.5815,0.6415,0.7809,,80.0,28.0,45.0,22.0
845,NVS_ADME_hCYP1A2,MACCS,NB,0.6398,0.7382,0.6655,0.6215,0.7142,0.6591,,67.0,42.0,31.0,35.0
846,NVS_ADME_hCYP1A2,Morgan,MLP,0.6152,0.7207,0.673,0.5597,0.6253,0.7318,,75.0,28.0,45.0,27.0
847,NVS_ADME_hCYP1A2,Morgan,GBT,0.6349,0.6932,0.7194,0.6018,0.6543,0.8036,,82.0,29.0,44.0,20.0
848,NVS_ADME_hCYP1A2,Morgan,RF,0.6384,0.7206,0.7339,0.5903,0.6436,0.8609,,88.0,23.0,50.0,14.0
849,NVS_ADME_hCYP1A2,Morgan,LR,0.6384,0.7232,0.6846,0.5895,0.6522,0.7236,,74.0,33.0,40.0,28.0
850,NVS_ADME_hCYP1A2,Morgan,KNN,0.5939,0.6791,0.643,0.6052,0.671,0.6336,,65.0,42.0,31.0,37.0
851,NVS_ADME_hCYP1A2,Morgan,NB,0.5488,0.7468,0.6394,0.5488,0.633,0.6655,,68.0,31.0,42.0,34.0
852,NVS_ADME_hCYP1A2,Rdkit,MLP,0.5797,0.6916,0.6295,0.5379,0.6188,0.6473,,66.0,31.0,41.0,36.0
853,NVS_ADME_hCYP1A2,Rdkit,GBT,0.6173,0.6722,0.7057,0.5953,0.6537,0.7745,,79.0,30.0,42.0,23.0
854,NVS_ADME_hCYP1A2,Rdkit,RF,0.6209,0.6823,0.7319,0.6132,0.6626,0.8246,,84.0,29.0,43.0,18.0
855,NVS_ADME_hCYP1A2,Rdkit,LR,0.5955,0.7026,0.6245,0.5569,0.6329,0.6282,,64.0,35.0,37.0,38.0
856,NVS_ADME_hCYP1A2,Rdkit,KNN,0.6427,0.7437,0.6289,0.6236,0.7054,0.5955,,61.0,47.0,25.0,41.0
857,NVS_ADME_hCYP1A2,Rdkit,NB,0.6576,0.7745,0.6279,0.6159,0.7269,0.58,,59.0,47.0,25.0,43.0
858,NVS_ADME_hCYP1A2,Layerd,MLP,0.6586,0.7165,0.6764,0.6057,0.6824,0.6864,,70.0,38.0,34.0,32.0
859,NVS_ADME_hCYP1A2,Layerd,GBT,0.6433,0.7066,0.6664,0.5944,0.6724,0.6764,,69.0,37.0,35.0,33.0
860,NVS_ADME_hCYP1A2,Layerd,RF,0.6232,0.7014,0.6971,0.5925,0.6568,0.7564,,77.0,31.0,41.0,25.0
861,NVS_ADME_hCYP1A2,Layerd,LR,0.631,0.6906,0.661,0.5823,0.6668,0.6682,,68.0,36.0,36.0,34.0
862,NVS_ADME_hCYP1A2,Layerd,KNN,0.6619,0.7207,0.7152,0.6454,0.7087,0.7373,,75.0,40.0,32.0,27.0
863,NVS_ADME_hCYP1A2,Layerd,NB,0.6299,0.7832,0.6916,0.6295,0.6888,0.7073,,72.0,40.0,32.0,30.0
864,NVS_ADME_hCYP1A2,Pattern,MLP,0.6528,0.7188,0.7005,0.6314,0.6933,0.7145,,73.0,40.0,33.0,29.0
865,NVS_ADME_hCYP1A2,Pattern,GBT,0.6501,0.6986,0.6559,0.5867,0.6522,0.6646,,68.0,37.0,36.0,34.0
866,NVS_ADME_hCYP1A2,Pattern,RF,0.6443,0.6861,0.6939,0.5911,0.6463,0.7555,,77.0,31.0,42.0,25.0
867,NVS_ADME_hCYP1A2,Pattern,LR,0.6381,0.7109,0.6761,0.6026,0.6643,0.6964,,71.0,37.0,36.0,31.0
868,NVS_ADME_hCYP1A2,Pattern,KNN,0.624,0.6695,0.7086,0.636,0.691,0.7327,,75.0,39.0,34.0,27.0
869,NVS_ADME_hCYP1A2,Pattern,NB,0.5809,0.7621,0.6489,0.5809,0.6659,0.66,,67.0,37.0,36.0,35.0
870,NVS_ADME_hCYP2B6,MACCS,MLP,0.6612,0.7474,0.7064,0.63,0.7267,0.7167,,58.0,32.0,26.0,23.0
871,NVS_ADME_hCYP2B6,MACCS,GBT,0.6892,0.7526,0.7207,0.6304,0.703,0.7542,,61.0,30.0,28.0,20.0
872,NVS_ADME_hCYP2B6,MACCS,RF,0.7579,0.8334,0.7565,0.6893,0.7468,0.7819,,63.0,35.0,23.0,18.0
873,NVS_ADME_hCYP2B6,MACCS,LR,0.6747,0.7642,0.6896,0.622,0.7138,0.6806,,55.0,33.0,25.0,26.0
874,NVS_ADME_hCYP2B6,MACCS,KNN,0.7173,0.78,0.7358,0.6617,0.7176,0.7667,,62.0,32.0,26.0,19.0
875,NVS_ADME_hCYP2B6,MACCS,NB,0.6506,0.728,0.4309,0.5617,0.6874,0.3333,,27.0,46.0,12.0,54.0
876,NVS_ADME_hCYP2B6,Morgan,MLP,0.6292,0.7308,0.694,0.5828,0.6615,0.7556,,61.0,24.0,34.0,20.0
877,NVS_ADME_hCYP2B6,Morgan,GBT,0.6486,0.7198,0.7311,0.6019,0.6619,0.8306,,67.0,22.0,36.0,14.0
878,NVS_ADME_hCYP2B6,Morgan,RF,0.6771,0.7663,0.7311,0.5992,0.654,0.8417,,68.0,21.0,37.0,13.0
879,NVS_ADME_hCYP2B6,Morgan,LR,0.6601,0.754,0.7328,0.6462,0.7083,0.7792,,63.0,30.0,28.0,18.0
880,NVS_ADME_hCYP2B6,Morgan,KNN,0.5922,0.7007,0.5921,0.5832,0.6794,0.5431,,44.0,36.0,22.0,37.0
881,NVS_ADME_hCYP2B6,Morgan,NB,0.5696,0.7573,0.6426,0.5692,0.6488,0.6583,,53.0,28.0,30.0,28.0
882,NVS_ADME_hCYP2B6,Rdkit,MLP,0.7426,0.8082,0.7468,0.6712,0.7406,0.7792,,63.0,33.0,25.0,18.0
883,NVS_ADME_hCYP2B6,Rdkit,GBT,0.7069,0.7818,0.7132,0.6333,0.6806,0.7667,,62.0,29.0,29.0,19.0
884,NVS_ADME_hCYP2B6,Rdkit,RF,0.7514,0.8285,0.7305,0.6261,0.6863,0.8056,,65.0,26.0,32.0,16.0
885,NVS_ADME_hCYP2B6,Rdkit,LR,0.7253,0.7784,0.731,0.6587,0.7361,0.7542,,61.0,33.0,25.0,20.0
886,NVS_ADME_hCYP2B6,Rdkit,KNN,0.6956,0.8027,0.6242,0.635,0.7496,0.5667,,46.0,41.0,17.0,35.0
887,NVS_ADME_hCYP2B6,Rdkit,NB,0.6405,0.7703,0.6246,0.6076,0.7306,0.5819,,47.0,37.0,21.0,34.0
888,NVS_ADME_hCYP2B6,Layerd,MLP,0.6969,0.7376,0.7312,0.6357,0.7134,0.7681,,62.0,30.0,28.0,19.0
889,NVS_ADME_hCYP2B6,Layerd,GBT,0.6786,0.7691,0.7173,0.6425,0.7108,0.7417,,60.0,32.0,26.0,21.0
890,NVS_ADME_hCYP2B6,Layerd,RF,0.759,0.8308,0.7391,0.664,0.7286,0.7681,,62.0,33.0,25.0,19.0
891,NVS_ADME_hCYP2B6,Layerd,LR,0.6885,0.7661,0.7091,0.639,0.7229,0.7181,,58.0,33.0,25.0,23.0
892,NVS_ADME_hCYP2B6,Layerd,KNN,0.7026,0.8098,0.7197,0.6556,0.7167,0.7444,,60.0,33.0,25.0,21.0
893,NVS_ADME_hCYP2B6,Layerd,NB,0.5987,0.7722,0.6789,0.5987,0.6672,0.7042,,57.0,29.0,29.0,24.0
894,NVS_ADME_hCYP2B6,Pattern,MLP,0.7129,0.7652,0.7452,0.6928,0.7542,0.7556,,61.0,37.0,21.0,20.0
895,NVS_ADME_hCYP2B6,Pattern,GBT,0.724,0.7944,0.7256,0.6625,0.7281,0.7417,,60.0,34.0,24.0,21.0
896,NVS_ADME_hCYP2B6,Pattern,RF,0.7222,0.7761,0.7158,0.6593,0.7192,0.7319,,59.0,34.0,24.0,22.0
897,NVS_ADME_hCYP2B6,Pattern,LR,0.7032,0.7513,0.6986,0.6338,0.7105,0.7042,,57.0,33.0,25.0,24.0
898,NVS_ADME_hCYP2B6,Pattern,KNN,0.6938,0.7181,0.7621,0.6853,0.72,0.8139,,66.0,32.0,26.0,15.0
899,NVS_ADME_hCYP2B6,Pattern,NB,0.6317,0.7813,0.6738,0.6338,0.6998,0.6708,,54.0,35.0,23.0,27.0
900,NCCT_TPO_AUR_dn,MACCS,MLP,0.7464,0.6571,0.6652,0.6962,0.659,0.6792,,168.0,222.0,89.0,79.0
901,NCCT_TPO_AUR_dn,MACCS,GBT,0.7352,0.6718,0.6333,0.6758,0.6537,0.619,,153.0,228.0,83.0,94.0
902,NCCT_TPO_AUR_dn,MACCS,RF,0.7806,0.7411,0.6419,0.6857,0.6689,0.6225,,154.0,233.0,78.0,93.0
903,NCCT_TPO_AUR_dn,MACCS,LR,0.72,0.6559,0.605,0.6495,0.6154,0.5983,,148.0,218.0,93.0,99.0
904,NCCT_TPO_AUR_dn,MACCS,KNN,0.723,0.6717,0.6316,0.6588,0.6143,0.6592,,163.0,205.0,106.0,84.0
905,NCCT_TPO_AUR_dn,MACCS,NB,0.5676,0.7289,0.6305,0.5389,0.4632,0.9878,,244.0,28.0,283.0,3.0
906,NCCT_TPO_AUR_dn,Morgan,MLP,0.737,0.693,0.6121,0.6702,0.6571,0.583,,144.0,244.0,78.0,103.0
907,NCCT_TPO_AUR_dn,Morgan,GBT,0.7498,0.7036,0.6144,0.6818,0.6952,0.5717,,141.0,255.0,67.0,106.0
908,NCCT_TPO_AUR_dn,Morgan,RF,0.7763,0.732,0.6445,0.7041,0.7143,0.604,,149.0,259.0,63.0,98.0
909,NCCT_TPO_AUR_dn,Morgan,LR,0.7497,0.6999,0.6318,0.6843,0.6573,0.6235,,154.0,240.0,82.0,93.0
910,NCCT_TPO_AUR_dn,Morgan,KNN,0.6926,0.6731,0.6134,0.6263,0.5492,0.7003,,173.0,178.0,144.0,74.0
911,NCCT_TPO_AUR_dn,Morgan,NB,0.5839,0.6281,0.5136,0.5839,0.5424,0.4942,,122.0,217.0,105.0,125.0
912,NCCT_TPO_AUR_dn,Rdkit,MLP,0.7442,0.6931,0.652,0.6856,0.6349,0.6805,,168.0,221.0,99.0,79.0
913,NCCT_TPO_AUR_dn,Rdkit,GBT,0.7599,0.721,0.6379,0.6855,0.6596,0.6242,,154.0,239.0,81.0,93.0
914,NCCT_TPO_AUR_dn,Rdkit,RF,0.7468,0.7215,0.5878,0.6652,0.6742,0.543,,134.0,252.0,68.0,113.0
915,NCCT_TPO_AUR_dn,Rdkit,LR,0.7506,0.6798,0.6694,0.7061,0.6594,0.684,,169.0,233.0,87.0,78.0
916,NCCT_TPO_AUR_dn,Rdkit,KNN,0.6428,0.5933,0.6069,0.6133,0.5367,0.7048,,174.0,167.0,153.0,73.0
917,NCCT_TPO_AUR_dn,Rdkit,NB,0.5807,0.6575,0.5801,0.573,0.4939,0.7085,,175.0,140.0,180.0,72.0
918,NCCT_TPO_AUR_dn,Layerd,MLP,0.7186,0.6693,0.6074,0.6585,0.6166,0.6077,,150.0,227.0,93.0,97.0
919,NCCT_TPO_AUR_dn,Layerd,GBT,0.7121,0.6555,0.6077,0.6594,0.6343,0.5875,,145.0,234.0,86.0,102.0
920,NCCT_TPO_AUR_dn,Layerd,RF,0.7408,0.716,0.5988,0.656,0.6335,0.5713,,141.0,237.0,83.0,106.0
921,NCCT_TPO_AUR_dn,Layerd,LR,0.7009,0.644,0.6136,0.658,0.6148,0.6192,,153.0,223.0,97.0,94.0
922,NCCT_TPO_AUR_dn,Layerd,KNN,0.6732,0.63,0.6017,0.6359,0.5853,0.628,,155.0,206.0,114.0,92.0
923,NCCT_TPO_AUR_dn,Layerd,NB,0.5906,0.6851,0.6088,0.5867,0.4993,0.7858,,194.0,124.0,196.0,53.0
924,NCCT_TPO_AUR_dn,Pattern,MLP,0.7247,0.6532,0.6245,0.6791,0.6447,0.619,,153.0,238.0,84.0,94.0
925,NCCT_TPO_AUR_dn,Pattern,GBT,0.731,0.6292,0.6168,0.6717,0.6393,0.6037,,149.0,238.0,84.0,98.0
926,NCCT_TPO_AUR_dn,Pattern,RF,0.7246,0.6439,0.6264,0.6728,0.6322,0.6278,,155.0,231.0,91.0,92.0
927,NCCT_TPO_AUR_dn,Pattern,LR,0.7132,0.6362,0.6085,0.6653,0.6345,0.5912,,146.0,238.0,84.0,101.0
928,NCCT_TPO_AUR_dn,Pattern,KNN,0.6723,0.6033,0.5868,0.6185,0.5598,0.6278,,155.0,196.0,126.0,92.0
929,NCCT_TPO_AUR_dn,Pattern,NB,0.5787,0.6852,0.604,0.5781,0.4922,0.7895,,195.0,118.0,204.0,52.0
